accident_year,accident_time,weather,road_status,road_type,accident_classification,accident_nature,accident_reason,city,zone,street,accident_severity,death_count,birth_year_of_accident_perpetr,nationality_group_of_accident,total
2020-01-01,8PM,,,INTERNAL,COLLISION,,,001,23.0,920.0,SIMPLE,0,1988,ASIA,1
2020-01-01,8PM,,,,COLLISION,,,001,52.0,-1.0,SIMPLE,0,1984,ARABI,1
2020-01-01,8PM,,,INTERNAL,COLLISION,,,009,52.0,745.0,SIMPLE,0,1997,ARABI,1
2020-01-01,8PM,,,INTERNAL,COLLISION,,,029,70.0,-1.0,SIMPLE,0,1995,ASIA,1
2020-01-01,8PM,,,,COLLISION,,,028,56.0,1.0,SIMPLE,0,1967,ASIA,1
2020-01-01,8PM,,,INTERNAL,COLLISION,,,002,74.0,672.0,SIMPLE,0,1986,ARABI,1
2020-01-01,8PM,,,,COLLISION,,,007,71.0,445.0,SIMPLE,0,1979,ASIA,1
2020-01-01,8PM,,,INTERNAL,COLLISION,,,001,45.0,250.0,SIMPLE,0,1980,ASIA,1
2020-01-01,8PM,,,,COLLISION,,,001,55.0,170.0,SIMPLE,0,1984,ARABI,1
2020-01-01,8PM,,,,COLLISION,,DRUNK,001,44.0,260.0,SIMPLE,0,1985,AFRIC,1
2020-01-01,8PM,,,,COLLISION,,,001,56.0,13.0,SIMPLE,0,2000,QATAR,1
2020-01-01,8PM,,,INTERNAL,COLLISION,,,001,51.0,765.0,SIMPLE,0,1994,ASIA,1
2020-01-01,8PM,,,,COLLISION,,,001,39.0,251.0,SIMPLE,0,1986,ARABI,1
2020-01-01,8PM,,,INTERNAL,COLLISION,,,001,26.0,882.0,SIMPLE,0,2000,QATAR,1
2020-01-01,8PM,,,INTERNAL,COLLISION,,,001,45.0,750.0,SIMPLE,0,1997,ASIA,1
2020-01-01,8PM,,,INTERNAL,,COLLISION WITH ONE OR MORE VEHICLES,,001,45.0,-1.0,,0,0,,9
2020-01-01,8PM,,,INTERNAL,COLLISION,,,007,70.0,456.0,SIMPLE,0,1987,QATAR,1
2020-01-01,8PM,,,INTERNAL,COLLISION,,,009,53.0,663.0,SIMPLE,0,1988,AFRIC,1
2020-01-01,8PM,,,,COLLISION,COLLISION WITH FIXED OBJECT,,001,43.0,660.0,SIMPLE,0,1991,QATAR,1
2020-01-01,8PM,,,INTERNAL,COLLISION,,,001,32.0,955.0,SIMPLE,0,1966,ASIA,1
2020-01-01,8PM,,,INTERNAL,COLLISION,,,001,29.0,210.0,SIMPLE,0,1982,EUROP,1
2020-01-01,8PM,,,,COLLISION,,,001,53.0,530.0,SIMPLE,0,1983,ASIA,1
2020-01-01,8PM,,,EXTERNAL,COLLISION,,OTHER,003,94.0,-1.0,SIMPLE,0,0,,1
2020-01-01,8PM,,,INTERNAL,COUP,INVERSION,,009,51.0,130.0,LIGHT INJURY,0,1987,AFRIC,1
2020-01-01,8PM,,,INTERNAL,COLLISION,,,001,39.0,251.0,SIMPLE,0,1985,ASIA,2
2020-01-01,8PM,,,INTERNAL,COLLISION,,,001,45.0,840.0,SIMPLE,0,1990,ARABI,1
2020-01-01,8PM,,,,COLLISION,,,001,56.0,-1.0,SIMPLE,0,1993,ASIA,2
2020-01-01,8PM,,,INTERNAL,COLLISION,,,009,35.0,232.0,SIMPLE,0,0,,1
2020-01-01,8PM,,,,COLLISION,,,027,91.0,201.0,SIMPLE,0,1981,ASIA,1
2020-01-01,8PM,,,,COLLISION,,,009,55.0,363.0,SIMPLE,0,1984,QATAR,1
2020-01-01,8PM,,,INTERNAL,COLLISION,,,009,53.0,910.0,SIMPLE,0,1989,ARABI,1
2020-01-01,8PM,,,,COLLISION,,,001,54.0,625.0,SIMPLE,0,1981,QATAR,1
2020-01-01,8PM,,,INTERNAL,COLLISION,,,001,54.0,517.0,SIMPLE,0,1990,AFRIC,1
2020-01-01,8PM,,,INTERNAL,COLLISION,,,001,69.0,-1.0,SIMPLE,0,1996,ARABI,1
2020-01-01,8PM,,,INTERNAL,COLLISION,,,009,56.0,666.0,SIMPLE,0,1987,ASIA,1
2020-01-01,8PM,,,,COLLISION,COLLISION WITH FIXED OBJECT,,001,66.0,101.0,SIMPLE,0,1999,ARABI,1
2020-01-01,8PM,,,,COLLISION,,,009,54.0,280.0,SIMPLE,0,1983,ASIA,1
2020-01-01,8PM,,,INTERNAL,COLLISION,,,001,61.0,831.0,SIMPLE,0,1987,ASIA,1
2020-01-01,8PM,,,INTERNAL,COLLISION,,,001,14.0,860.0,SIMPLE,0,1991,ASIA,1
2020-01-01,8PM,,,INTERNAL,COLLISION,COLLISION WITH ONE OR MORE VEHICLES,,001,31.0,380.0,SIMPLE,0,1990,ARABI,1
2020-01-01,8PM,,,INTERNAL,COUP,INVERSION,,001,55.0,340.0,SIMPLE,0,1991,ASIA,1
2020-01-01,8PM,,,,COLLISION,,,005,90.0,611.0,SIMPLE,0,1978,ARABI,1
2020-01-01,8PM,,,INTERNAL,COLLISION,,,001,70.0,3090.0,SIMPLE,0,1979,QATAR,1
2020-01-01,8PM,,,,COLLISION,,,001,14.0,841.0,SIMPLE,0,1,,1
2020-01-01,8PM,,,,COLLISION,,,001,52.0,902.0,SIMPLE,0,1974,ARABI,1
2020-01-01,8PM,,,INTERNAL,COLLISION,,,001,40.0,969.0,SIMPLE,0,1988,ARABI,1
2020-01-01,8PM,,,INTERNAL,COLLISION,,,009,55.0,670.0,SIMPLE,0,1976,QATAR,1
2020-01-01,8PM,,,,COLLISION,,,001,51.0,253.0,SIMPLE,0,1983,ARABI,1
2020-01-01,8PM,,,INTERNAL,COLLISION,,,009,53.0,652.0,SIMPLE,0,1980,ASIA,1
2020-01-01,8PM,,,,COLLISION,,,001,52.0,902.0,SIMPLE,0,1977,QATAR,1
2020-01-01,8PM,,,,COLLISION,,,001,37.0,-1.0,SIMPLE,0,1978,ASIA,1
2020-01-01,8PM,,,INTERNAL,COLLISION,,,005,90.0,1079.0,SIMPLE,0,1990,ARABI,1
2020-01-01,8PM,,,INTERNAL,COLLISION,,,001,1.0,119.0,SIMPLE,0,1994,ASIA,1
2020-01-01,8PM,,,INTERNAL,COLLISION,,,001,24.0,936.0,SIMPLE,0,1984,ASIA,1
2020-01-01,8PM,,,INTERNAL,COLLISION,,,009,40.0,868.0,SIMPLE,0,1995,ASIA,1
2020-01-01,8PM,,,INTERNAL,COLLISION,,,001,16.0,950.0,SIMPLE,0,1973,ASIA,1
2020-01-01,8PM,,,INTERNAL,COLLISION,,,009,56.0,52.0,SIMPLE,0,1985,ASIA,1
2020-01-01,8PM,,,INTERNAL,COLLISION,,,001,22.0,930.0,SIMPLE,0,1982,EUROP,1
2020-01-01,8PM,,,INTERNAL,COLLISION,,,001,56.0,300.0,SIMPLE,0,1984,ASIA,1
2020-01-01,8PM,,,,COLLISION,,,003,90.0,313.0,SIMPLE,0,1987,ARABI,1
2020-01-01,8PM,,,INTERNAL,COLLISION,,,009,38.0,893.0,SIMPLE,0,1983,ARABI,1
2020-01-01,8PM,,,INTERNAL,COLLISION,,,001,40.0,330.0,SIMPLE,0,1971,ARABI,1
2020-01-01,8PM,,,,COLLISION,,,001,24.0,330.0,SIMPLE,0,1985,QATAR,1
2020-01-01,8PM,,,,COLLISION,,,001,55.0,185.0,SIMPLE,0,1982,GULF,1
2020-01-01,8PM,,,INTERNAL,COLLISION,COLLISION WITH ONE OR MORE VEHICLES,,009,51.0,950.0,SIMPLE,0,1980,ARABI,1
2020-01-01,8PM,,,INTERNAL,COLLISION,,,001,44.0,250.0,SIMPLE,0,1985,ARABI,1
2020-01-01,8PM,,,,COLLISION,,,001,34.0,989.0,SIMPLE,0,1958,ARABI,1
2020-01-01,8PM,,,INTERNAL,COLLISION,,,009,36.0,252.0,SIMPLE,0,2002,QATAR,1
2020-01-01,8PM,,,INTERNAL,COLLISION,,,009,55.0,809.0,SIMPLE,0,1988,QATAR,1
2020-01-01,8PM,,,INTERNAL,COLLISION,,,001,50.0,270.0,SIMPLE,0,2000,ARABI,1
2020-01-01,8PM,,,,COLLISION,,,001,51.0,253.0,SIMPLE,0,1,,1
2020-01-01,8PM,,,,COLLISION,,,001,6.0,-1.0,SIMPLE,0,0,,1
2020-01-01,8PM,,,INTERNAL,COLLISION,,,001,45.0,941.0,SIMPLE,0,1995,ASIA,1
2020-01-01,8PM,,,,COLLISION,,,001,40.0,250.0,SIMPLE,0,1962,ASIA,1
2020-01-01,8PM,,,INTERNAL,COLLISION,,,009,56.0,340.0,SIMPLE,0,1981,ASIA,1
2020-01-01,8PM,,,INTERNAL,COLLISION,COLLISION WITH ONE OR MORE VEHICLES,,009,55.0,340.0,SIMPLE,0,1986,QATAR,1
2020-01-01,8PM,,,,COLLISION,,,001,56.0,500.0,SIMPLE,0,1956,ASIA,1
2020-01-01,8PM,,,,COLLISION,,,001,55.0,340.0,SIMPLE,0,1979,ARABI,1
2020-01-01,8PM,,,INTERNAL,COLLISION,,,001,18.0,920.0,SIMPLE,0,1972,ASIA,1
2020-01-01,8PM,,,,COLLISION,,,021,74.0,253.0,LIGHT INJURY,0,2003,QATAR,1
2020-01-01,8PM,,,,COLLISION,COLLISION WITH FIXED OBJECT,,001,1.0,-1.0,SIMPLE,0,1990,ASIA,1
2020-01-01,8PM,,,INTERNAL,COLLISION,,,005,90.0,313.0,SIMPLE,0,1977,ASIA,1
2020-01-01,8PM,,,INTERNAL,COLLISION,,,009,52.0,745.0,SIMPLE,0,1989,ARABI,1
2020-01-01,8PM,,,INTERNAL,COLLISION,,,001,52.0,281.0,SIMPLE,0,1983,ASIA,1
2020-01-01,8PM,,,INTERNAL,COLLISION,,,009,52.0,350.0,SIMPLE,0,1984,ARABI,2
2020-01-01,8PM,,,INTERNAL,,COLLISION WITH ONE OR MORE VEHICLES,,001,32.0,850.0,,0,0,,1
2020-01-01,8PM,,,,COLLISION,,,029,70.0,444.0,SIMPLE,0,1996,QATAR,1
2020-01-01,8PM,,,,COLLISION,,,009,54.0,934.0,SIMPLE,0,1958,ARABI,1
2020-01-01,8PM,,,INTERNAL,COLLISION,,,001,56.0,990.0,SIMPLE,0,1994,QATAR,1
2020-01-01,8PM,,,,COLLISION,COLLISION WITH FIXED OBJECT,,001,30.0,-1.0,SIMPLE,0,1988,ASIA,1
2020-01-01,8PM,,,INTERNAL,COLLISION,,,001,56.0,340.0,SIMPLE,0,1988,ARABI,1
2020-01-01,8PM,,,INTERNAL,COLLISION,,,001,32.0,,SIMPLE,0,1977,ARABI,1
2020-01-01,8PM,,,INTERNAL,COLLISION,COLLISION WITH ONE OR MORE VEHICLES,,005,90.0,201.0,SIMPLE,0,1975,ASIA,1
2020-01-01,8PM,,,INTERNAL,COLLISION,,,001,45.0,892.0,SIMPLE,0,1980,ARABI,1
2020-01-01,8PM,,,INTERNAL,COLLISION,,,009,54.0,364.0,SIMPLE,0,1982,ASIA,1
2020-01-01,8PM,,,,COLLISION,,,001,56.0,460.0,SIMPLE,0,1975,ARABI,1
2020-01-01,8PM,,,INTERNAL,COLLISION,,,009,53.0,910.0,SIMPLE,0,1990,ARABI,1
2020-01-01,8PM,,,,COLLISION,,OTHER,001,55.0,280.0,SIMPLE,0,1992,ARABI,1
2020-01-01,8PM,,,INTERNAL,COLLISION,,,001,70.0,800.0,SIMPLE,0,1992,ASIA,1
2020-01-01,8PM,,,,COLLISION,,,005,90.0,824.0,SIMPLE,0,1971,ASIA,2
2020-01-01,8PM,,,,COLLISION,,,009,54.0,280.0,SIMPLE,0,1984,ASIA,1
2020-01-01,8PM,,,,COLLISION,,,005,91.0,311.0,SIMPLE,0,1998,QATAR,2
2020-01-01,8PM,,,INTERNAL,,COLLISION WITH ONE OR MORE VEHICLES,,001,37.0,964.0,,0,0,,5
2020-01-01,8PM,,,,COLLISION,,,009,54.0,364.0,SIMPLE,0,1994,ASIA,1
2020-01-01,8PM,,,INTERNAL,COLLISION,,,001,26.0,836.0,SIMPLE,0,1978,ASIA,1
2020-01-01,8PM,,,,COLLISION,COLLISION WITH FIXED OBJECT,,007,70.0,444.0,SIMPLE,0,2000,QATAR,1
2020-01-01,8PM,,,,COLLISION,,,001,25.0,970.0,SIMPLE,0,1991,ARABI,1
2020-01-01,8PM,,,INTERNAL,COLLISION,,,009,52.0,740.0,SIMPLE,0,1995,ARABI,1
2020-01-01,8PM,,,,COLLISION,FALL FROM CAR,,001,44.0,260.0,SIMPLE,0,0,,1
2020-01-01,8PM,,,INTERNAL,COLLISION,COLLISION WITH ONE OR MORE VEHICLES,,028,57.0,15.0,SIMPLE,0,1991,ASIA,1
2020-01-01,8PM,,,,COLLISION,COLLISION WITH FIXED OBJECT,,027,95.0,-1.0,SIMPLE,0,1987,QATAR,1
2020-01-01,8PM,,,,COLLISION,COLLISION WITH FIXED OBJECT,,001,55.0,890.0,SIMPLE,0,1987,ARABI,1
2020-01-01,8PM,,,INTERNAL,COLLISION,,,009,52.0,745.0,SIMPLE,0,1988,ASIA,1
2020-01-01,8PM,,,INTERNAL,COLLISION,,,001,48.0,310.0,SIMPLE,0,1975,ASIA,1
2020-01-01,8PM,,,INTERNAL,COLLISION,,OTHER,001,30.0,253.0,SIMPLE,0,1993,QATAR,1
2020-01-01,8PM,,,EXTERNAL,COLLISION,,,001,31.0,950.0,SIMPLE,0,1981,ASIA,1
2020-01-01,8PM,,,,COLLISION,,,005,90.0,312.0,SIMPLE,0,1996,ARABI,1
2020-01-01,8PM,,,,COLLISION,,,029,70.0,456.0,SIMPLE,0,1998,QATAR,1
2020-01-01,8PM,,,INTERNAL,COLLISION,,,009,56.0,325.0,SIMPLE,0,1990,ASIA,1
2020-01-01,8PM,,,INTERNAL,COLLISION,COLLISION WITH ONE OR MORE VEHICLES,,001,25.0,230.0,SIMPLE,0,1983,ARABI,1
2020-01-01,8PM,,,,COLLISION,,,001,31.0,970.0,SIMPLE,0,2000,ASIA,1
2020-01-01,8PM,,,INTERNAL,COLLISION,COLLISION WITH ONE OR MORE VEHICLES,,001,25.0,970.0,SIMPLE,0,1981,ASIA,1
2020-01-01,8PM,,,,COLLISION,,,001,45.0,840.0,SIMPLE,0,1991,ARABI,1
2020-01-01,8PM,,,,COLLISION,,,029,70.0,-1.0,SIMPLE,0,1970,QATAR,1
2020-01-01,8PM,,,INTERNAL,COLLISION,,,027,91.0,100.0,SIMPLE,0,1970,ASIA,1
2020-01-01,8PM,,,EXTERNAL,COLLISION,,,005,91.0,95.0,SIMPLE,0,1996,ARABI,1
2020-01-01,8PM,,,,COLLISION,,,001,48.0,310.0,SIMPLE,0,1974,ASIA,1
2020-01-01,8PM,,,,COLLISION,COLLISION WITH FIXED OBJECT,,001,47.0,-1.0,SIMPLE,0,1997,ASIA,1
2020-01-01,8PM,,,,COLLISION,,,001,25.0,850.0,SIMPLE,0,1979,ARABI,1
2020-01-01,8PM,,,INTERNAL,RUN OVER,COLLISION WITH PEDESTRIANS,,009,55.0,-1.0,LIGHT INJURY,0,1986,QATAR,1
2020-01-01,8PM,,,INTERNAL,COLLISION,COLLISION WITH ONE OR MORE VEHICLES,,001,26.0,944.0,SIMPLE,0,1987,ASIA,1
2020-01-01,8PM,,,INTERNAL,COLLISION,,,009,56.0,171.0,SIMPLE,0,1986,AFRIC,1
2020-01-01,8PM,,,,COLLISION,,,029,70.0,-1.0,SIMPLE,0,1992,ARABI,1
2020-01-01,8PM,,,INTERNAL,COLLISION,,,001,34.0,932.0,SIMPLE,0,1988,ARABI,1
2020-01-01,8PM,,,INTERNAL,COLLISION,,,009,55.0,650.0,SIMPLE,0,0,,1
2020-01-01,8PM,,,INTERNAL,,COLLISION WITH ONE OR MORE VEHICLES,,001,33.0,828.0,,0,0,,3
2020-01-01,8PM,,,,COLLISION,,,001,38.0,960.0,SIMPLE,0,1968,ARABI,1
2020-01-01,8PM,,,,COLLISION,,,009,51.0,-1.0,SIMPLE,0,1981,ASIA,1
2020-01-01,8PM,,,INTERNAL,COLLISION,COLLISION WITH ONE OR MORE VEHICLES,,009,51.0,469.0,SIMPLE,0,1989,ARABI,1
2020-01-01,8PM,,,INTERNAL,COLLISION,COLLISION WITH ONE OR MORE VEHICLES,,001,17.0,210.0,SIMPLE,0,1992,ASIA,1
2020-01-01,8PM,,,INTERNAL,COLLISION,,,009,51.0,1400.0,SIMPLE,0,1974,ASIA,1
2020-01-01,8PM,,,,COLLISION,,,001,55.0,60.0,LIGHT INJURY,0,1988,AFRIC,1
2020-01-01,8PM,,,INTERNAL,COLLISION,,,001,17.0,-1.0,SIMPLE,0,1986,AFRIC,1
2020-01-01,8PM,,,INTERNAL,COLLISION,,,001,24.0,950.0,SIMPLE,0,1976,ASIA,1
2020-01-01,8PM,,,INTERNAL,COLLISION,,,001,40.0,983.0,SIMPLE,0,1976,ARABI,1
2020-01-01,8PM,,,INTERNAL,COLLISION,,,009,55.0,427.0,SIMPLE,0,2001,ARABI,1
2020-01-01,8PM,,,INTERNAL,COLLISION,COLLISION WITH ONE OR MORE VEHICLES,,009,55.0,491.0,SIMPLE,0,1992,ASIA,1
2020-01-01,8PM,,,,COLLISION,,,009,51.0,373.0,SIMPLE,0,1976,ASIA,1
2020-01-01,8PM,,,,COLLISION,,,001,39.0,840.0,SIMPLE,0,1969,QATAR,1
2020-01-01,8PM,,,,COLLISION,,,029,70.0,970.0,SIMPLE,0,1993,ARABI,1
2020-01-01,8PM,,,,COLLISION,,,005,90.0,312.0,SIMPLE,0,1990,ASIA,1
2020-01-01,8PM,,,INTERNAL,COLLISION,,,001,37.0,244.0,SIMPLE,0,1999,QATAR,1
2020-01-01,8PM,,,INTERNAL,COLLISION,,,009,53.0,604.0,SIMPLE,0,1978,ARABI,1
2020-01-01,8PM,,,INTERNAL,COLLISION,,,028,57.0,15.0,SIMPLE,0,1980,ASIA,1
2020-01-01,8PM,,,INTERNAL,,COLLISION WITH ONE OR MORE VEHICLES,,001,34.0,887.0,,0,0,,1
2020-01-01,8PM,,,INTERNAL,COLLISION,COLLISION WITH ONE OR MORE VEHICLES,,009,34.0,252.0,SIMPLE,0,1990,ARABI,1
2020-01-01,8PM,,,,COLLISION,,,007,70.0,587.0,SIMPLE,0,2001,QATAR,1
2020-01-01,8PM,,,INTERNAL,COLLISION,,,001,56.0,995.0,SIMPLE,0,1988,ASIA,2
2020-01-01,8PM,,,INTERNAL,COLLISION,,,001,30.0,950.0,SIMPLE,0,1977,AFRIC,1
2020-01-01,8PM,,,,COLLISION,,,001,43.0,340.0,SIMPLE,0,1988,ASIA,1
2020-01-01,8PM,,,INTERNAL,COLLISION,,,009,56.0,171.0,SIMPLE,0,1966,ASIA,1
2020-01-01,8PM,,,,COLLISION,,,001,56.0,-1.0,SIMPLE,0,1998,ASIA,1
2020-01-01,8PM,,,INTERNAL,COLLISION,,,009,51.0,411.0,SIMPLE,0,1983,ASIA,1
2020-01-01,8PM,,,,COLLISION,,,028,57.0,150.0,SIMPLE,0,1987,ASIA,1
2020-01-01,8PM,,,,COLLISION,,,009,53.0,-1.0,SIMPLE,0,1971,ASIA,1
2020-01-01,8PM,,,INTERNAL,COLLISION,,,009,34.0,829.0,SIMPLE,0,1961,ARABI,1
2020-01-01,8PM,,,INTERNAL,COLLISION,,,001,25.0,850.0,SIMPLE,0,1989,ASIA,1
2020-01-01,8PM,,,INTERNAL,COLLISION,,,009,41.0,850.0,SIMPLE,0,1983,ASIA,1
2020-01-01,8PM,,,,COLLISION,,,001,14.0,339.0,SIMPLE,0,1985,ARABI,1
2020-01-01,8PM,,,INTERNAL,,COLLISION WITH ONE OR MORE VEHICLES,,001,26.0,850.0,,0,0,,1
2020-01-01,8PM,,,INTERNAL,COLLISION,,,001,43.0,765.0,SIMPLE,0,1972,ARABI,1
2020-01-01,8PM,,,INTERNAL,COLLISION,,,009,52.0,350.0,SIMPLE,0,1998,ARABI,1
2020-01-01,8PM,,,,COLLISION,,,001,33.0,370.0,SIMPLE,0,1985,ASIA,1
2020-01-01,8PM,,,INTERNAL,COLLISION,,,001,55.0,340.0,SIMPLE,0,1964,ASIA,1
2020-01-01,8PM,,,INTERNAL,COLLISION,,,009,55.0,970.0,SIMPLE,0,1982,ARABI,1
2020-01-01,8PM,,,,COLLISION,,,001,53.0,355.0,SIMPLE,0,1986,ASIA,1
2020-01-01,8PM,,,,COLLISION,,,001,56.0,340.0,SIMPLE,0,1971,QATAR,1
2020-01-01,8PM,,,,COLLISION,,OTHER,008,71.0,800.0,LIGHT INJURY,0,1997,ASIA,1
2020-01-01,8PM,,,,COLLISION,,,005,90.0,311.0,SIMPLE,0,1967,QATAR,1
2020-01-01,8PM,,,,COLLISION,,,028,56.0,560.0,SIMPLE,0,1969,QATAR,1
2020-01-01,8PM,,,,COLLISION,,,002,74.0,629.0,SIMPLE,0,1,,1
2020-01-01,8PM,,,INTERNAL,COLLISION,,,009,56.0,300.0,SIMPLE,0,1986,ARABI,1
2020-01-01,8PM,,,,COLLISION,,,005,90.0,720.0,SIMPLE,0,1980,QATAR,1
2020-01-01,8PM,,,,COLLISION,COLLISION WITH FIXED OBJECT,,001,45.0,310.0,SIMPLE,0,1962,QATAR,1
2020-01-01,8PM,,,INTERNAL,COLLISION,COLLISION WITH ONE OR MORE VEHICLES,,001,39.0,231.0,SIMPLE,0,1992,ASIA,1
2020-01-01,8PM,,,INTERNAL,COLLISION,COLLISION WITH ONE OR MORE VEHICLES,,028,57.0,15.0,SIMPLE,0,1994,ASIA,1
2020-01-01,8PM,,,INTERNAL,COLLISION,COLLISION WITH ONE OR MORE VEHICLES,,001,32.0,927.0,SIMPLE,0,1982,ASIA,1
2020-01-01,8PM,,,,,,,001,56.0,340.0,SIMPLE,0,1988,ASIA,1
2020-01-01,8PM,,,INTERNAL,COLLISION,,,001,45.0,892.0,SIMPLE,0,1986,ASIA,1
2020-01-01,8PM,,,,COLLISION,,,001,25.0,850.0,SIMPLE,0,1967,ARABI,1
2020-01-01,8PM,,,,COLLISION,,,001,24.0,-1.0,SIMPLE,0,1992,EUROP,1
2020-01-01,8PM,,,INTERNAL,COLLISION,,,001,56.0,300.0,SIMPLE,0,1989,ARABI,1
2020-01-01,8PM,,,,COLLISION,,,001,22.0,930.0,SIMPLE,0,1990,ARABI,1
2020-01-01,8PM,,,INTERNAL,COLLISION,,,001,16.0,850.0,SIMPLE,0,1,,1
2020-01-01,8PM,,,INTERNAL,COLLISION,,,001,6.0,119.0,SIMPLE,0,1973,ASIA,1
2020-01-01,8PM,,,,COLLISION,,,001,34.0,880.0,SIMPLE,0,1975,ARABI,1
2020-01-01,8PM,,,INTERNAL,COLLISION,,,027,91.0,826.0,SIMPLE,0,1987,ASIA,1
2020-01-01,8PM,,,,COLLISION,,,001,30.0,-1.0,SIMPLE,0,1998,QATAR,1
2020-01-01,8PM,,,,COLLISION,,,001,32.0,950.0,SIMPLE,0,1985,AFRIC,1
2020-01-01,8PM,,,INTERNAL,COLLISION,,,027,91.0,202.0,LIGHT INJURY,0,1980,ASIA,1
2020-01-01,8PM,,,,COLLISION,,,001,43.0,819.0,SIMPLE,0,1992,ASIA,1
2020-01-01,8PM,,,INTERNAL,COLLISION,,,001,45.0,970.0,SIMPLE,0,2000,ASIA,1
2020-01-01,8PM,,,,COLLISION,,,001,54.0,-1.0,SIMPLE,0,1998,QATAR,2
2020-01-01,8PM,,,INTERNAL,COLLISION,,,028,57.0,39.0,SIMPLE,0,1991,ASIA,1
2020-01-01,8PM,,,INTERNAL,COLLISION,,,001,40.0,250.0,SIMPLE,0,1987,ASIA,1
2020-01-01,8PM,,,INTERNAL,COLLISION,,,001,25.0,220.0,SIMPLE,0,1988,ASIA,1
2020-01-01,8PM,,,INTERNAL,COLLISION,,,009,57.0,10.0,SIMPLE,0,1989,ASIA,1
2020-01-01,8PM,,,INTERNAL,COLLISION,,,009,35.0,910.0,SIMPLE,0,1954,QATAR,1
2020-01-01,8PM,,,INTERNAL,COLLISION,,,001,25.0,330.0,SIMPLE,0,1991,ASIA,2
2020-01-01,8PM,,,,COLLISION,COLLISION WITH FIXED OBJECT,,027,91.0,-1.0,SIMPLE,0,1970,ASIA,1
2020-01-01,8PM,,,INTERNAL,COLLISION,,,001,31.0,857.0,SIMPLE,0,1990,QATAR,1
2020-01-01,8PM,,,,COLLISION,COLLISION WITH FIXED OBJECT,OTHER,002,74.0,-1.0,SIMPLE,0,1,,1
2020-01-01,8PM,,,,COLLISION,,DRUNK,027,91.0,299.0,SIMPLE,0,1979,ASIA,1
2020-01-01,8PM,,,INTERNAL,COLLISION,,,009,53.0,616.0,SIMPLE,0,1989,ARABI,1
2020-01-01,8PM,,,INTERNAL,COLLISION,,,001,66.0,700.0,SIMPLE,0,2001,ASIA,1
2020-01-01,8PM,,,INTERNAL,COLLISION,,,029,70.0,912.0,SIMPLE,0,1980,ASIA,1
2020-01-01,8PM,,,INTERNAL,COLLISION,,,009,52.0,745.0,SIMPLE,0,1987,QATAR,1
2020-01-01,8PM,,,,COLLISION,,,001,47.0,270.0,SIMPLE,0,1993,QATAR,1
2020-01-01,8PM,,,,COLLISION,,,001,63.0,391.0,SIMPLE,0,1987,ARABI,1
2020-01-01,8PM,,,INTERNAL,COLLISION,COLLISION WITH ONE OR MORE VEHICLES,,009,56.0,637.0,SIMPLE,0,1966,ARABI,1
2020-01-01,8PM,,,,COLLISION,,,001,66.0,-1.0,SIMPLE,0,1982,ASIA,1
2020-01-01,8PM,,,INTERNAL,COLLISION,,,009,55.0,224.0,SIMPLE,0,1988,ARABI,1
2020-01-01,8PM,,,,COLLISION,COLLISION WITH FIXED OBJECT,,001,36.0,-1.0,SIMPLE,0,1992,ARABI,1
2020-01-01,8PM,,,,COLLISION,COLLISION WITH FIXED OBJECT,,001,90.0,987.0,SIMPLE,0,1993,ASIA,1
2020-01-01,8PM,,,INTERNAL,,COLLISION WITH ONE OR MORE VEHICLES,,001,35.0,938.0,,0,0,,1
2020-01-01,8PM,,,INTERNAL,COUP,INVERSION,,001,40.0,340.0,LIGHT INJURY,0,1990,ASIA,1
2020-01-01,8PM,,,INTERNAL,COLLISION,,,001,55.0,340.0,SIMPLE,0,1982,ARABI,1
2020-01-01,8PM,,,,COLLISION,,,001,61.0,-1.0,SIMPLE,0,1955,ASIA,1
2020-01-01,8PM,,,,COLLISION,,,008,71.0,620.0,SIMPLE,0,1997,QATAR,1
2020-01-01,8PM,,,,COLLISION,,,001,51.0,253.0,SIMPLE,0,1984,QATAR,1
2020-01-01,8PM,,,INTERNAL,COLLISION,,,001,40.0,250.0,SIMPLE,0,1999,ASIA,1
2020-01-01,8PM,,,,COLLISION,,,001,55.0,251.0,SIMPLE,0,1998,QATAR,1
2020-01-01,8PM,,,INTERNAL,COLLISION,,,001,26.0,875.0,SIMPLE,0,1983,ASIA,1
2020-01-01,8PM,,,INTERNAL,COLLISION,,,001,56.0,-1.0,SIMPLE,0,1995,ASIA,1
2020-01-01,8PM,,,INTERNAL,COLLISION,COLLISION WITH ONE OR MORE VEHICLES,,009,58.0,995.0,SIMPLE,0,1977,ARABI,1
2020-01-01,8PM,,,INTERNAL,COLLISION,,,001,63.0,905.0,SIMPLE,0,1969,QATAR,1
2020-01-01,8PM,,,INTERNAL,COLLISION,,,001,45.0,-1.0,SIMPLE,0,1978,QATAR,1
2020-01-01,8PM,,,,COLLISION,,,028,56.0,340.0,SIMPLE,0,1985,ARABI,1
2020-01-01,8PM,,,,COLLISION,,,009,52.0,-1.0,SIMPLE,0,1,,1
2020-01-01,8PM,,,INTERNAL,COLLISION,COLLISION WITH FIXED OBJECT,,005,90.0,624.0,SIMPLE,0,1996,QATAR,1
2020-01-01,8PM,,,EXTERNAL,COLLISION,,,001,56.0,340.0,SIMPLE,0,1979,ARABI,1
2020-01-01,8PM,,,,COLLISION,,,001,40.0,-1.0,LIGHT INJURY,0,1987,ASIA,1
2020-01-01,8PM,,,INTERNAL,COLLISION,,,009,52.0,645.0,SIMPLE,0,1990,ARABI,1
2020-01-01,8PM,,,INTERNAL,COLLISION,,,001,44.0,330.0,SIMPLE,0,1960,QATAR,1
2020-01-01,8PM,,,INTERNAL,COLLISION,COLLISION WITH ONE OR MORE VEHICLES,,001,30.0,937.0,SIMPLE,0,1984,ARABI,1
2020-01-01,8PM,,,INTERNAL,COLLISION,,,001,55.0,185.0,SIMPLE,0,1972,QATAR,1
2020-01-01,8PM,,,INTERNAL,COLLISION,,,001,22.0,930.0,SIMPLE,0,1982,ARABI,1
2020-01-01,8PM,,,INTERNAL,COLLISION,,,001,34.0,965.0,SIMPLE,0,1991,QATAR,1
2020-01-01,8PM,,,INTERNAL,COLLISION,,,009,55.0,118.0,SIMPLE,0,1992,ASIA,1
2020-01-01,8PM,,,,COLLISION,COLLISION WITH FIXED OBJECT,,010,80.0,911.0,SIMPLE,0,1976,ASIA,1
2020-01-01,8PM,,,INTERNAL,COLLISION,,,009,54.0,-1.0,SIMPLE,0,1986,ARABI,1
2020-01-01,8PM,,,INTERNAL,COLLISION,,,001,26.0,-1.0,SIMPLE,0,1996,ASIA,1
2020-01-01,8PM,,,INTERNAL,COLLISION,,,001,26.0,863.0,SIMPLE,0,1989,ASIA,1
2020-01-01,8PM,,,INTERNAL,COLLISION,,,007,71.0,595.0,SIMPLE,0,1996,ASIA,1
2020-01-01,8PM,,,INTERNAL,COLLISION,,,009,52.0,745.0,SIMPLE,0,1966,ARABI,1
2020-01-01,8PM,,,EXTERNAL,COLLISION,,,005,90.0,720.0,SIMPLE,0,1984,ASIA,1
2020-01-01,8PM,,,EXTERNAL,COLLISION,,,027,91.0,774.0,SIMPLE,0,1993,ASIA,1
2020-01-01,8PM,,,INTERNAL,COLLISION,,,009,53.0,732.0,SIMPLE,0,1965,ASIA,1
2020-01-01,8PM,,,,COLLISION,,,001,57.0,-1.0,SIMPLE,0,1995,ASIA,1
2020-01-01,8PM,,,INTERNAL,COLLISION,,,009,55.0,970.0,SIMPLE,0,1983,ARABI,1
2020-01-01,8PM,,,,COLLISION,,,001,16.0,980.0,SIMPLE,0,1990,ARABI,1
2020-01-01,8PM,,,,COLLISION,,,001,66.0,391.0,SIMPLE,0,1998,QATAR,1
2020-01-01,8PM,,,,COLLISION,,,001,54.0,280.0,SIMPLE,0,1993,QATAR,1
2020-01-01,8PM,,,INTERNAL,COLLISION,,,001,45.0,892.0,SIMPLE,0,1977,ASIA,1
2020-01-01,8PM,,,INTERNAL,COLLISION,COLLISION WITH ONE OR MORE VEHICLES,,001,34.0,244.0,SIMPLE,0,1979,ASIA,1
2020-01-01,8PM,,,INTERNAL,COLLISION,COLLISION WITH FIXED OBJECT,,001,38.0,343.0,LIGHT INJURY,0,1980,ASIA,1
2020-01-01,8PM,,,INTERNAL,COLLISION,,,029,70.0,1000.0,SIMPLE,0,1989,AFRIC,1
2020-01-01,8PM,,,,COLLISION,,,001,27.0,898.0,SIMPLE,0,1987,ARABI,1
2020-01-01,8PM,,,INTERNAL,COLLISION,,,001,45.0,848.0,SIMPLE,0,1975,ASIA,1
2020-01-01,8PM,,,,COLLISION,,,001,44.0,250.0,SIMPLE,0,1983,ASIA,1
2020-01-01,8PM,,,INTERNAL,COLLISION,,,001,24.0,837.0,SIMPLE,0,1994,ARABI,1
2020-01-01,8PM,,,,COLLISION,,,002,74.0,629.0,SIMPLE,0,1981,ASIA,1
2020-01-01,8PM,,,EXTERNAL,COUP,INVERSION,,003,93.0,-1.0,LIGHT INJURY,0,1993,ASIA,1
2020-01-01,8PM,,,INTERNAL,COLLISION,,,001,61.0,-1.0,SIMPLE,0,1967,ARABI,1
2020-01-01,8PM,,,,COUP,INVERSION,,001,69.0,-1.0,SIMPLE,0,1996,QATAR,1
2020-01-01,8PM,,,,COLLISION,,OTHER,010,71.0,1850.0,SIMPLE,0,1983,QATAR,1
2020-01-01,8PM,,,INTERNAL,COLLISION,,,001,33.0,955.0,SIMPLE,0,1985,ASIA,1
2020-01-01,8PM,,,INTERNAL,,COLLISION WITH ONE OR MORE VEHICLES,,005,90.0,433.0,,0,0,,1
2020-01-01,8PM,,,,COLLISION,,,001,55.0,340.0,SIMPLE,0,1977,QATAR,1
2020-01-01,8PM,,,,COLLISION,,,001,50.0,270.0,SIMPLE,0,1977,ARABI,1
2020-01-01,8PM,,,,COUP,INVERSION,,001,42.0,310.0,LIGHT INJURY,0,1979,ASIA,1
2020-01-01,8PM,,,,COLLISION,,,028,57.0,41.0,SIMPLE,0,1984,ASIA,1
2020-01-01,8PM,,,,COLLISION,,,001,39.0,955.0,SIMPLE,0,1981,ARABI,1
2020-01-01,8PM,,,INTERNAL,COLLISION,,,001,55.0,180.0,SIMPLE,0,2005,ARABI,1
2020-01-01,8PM,,,,COLLISION,,,001,53.0,350.0,SIMPLE,0,1990,ASIA,1
2020-01-01,8PM,,,,COUP,INVERSION,,009,51.0,660.0,SIMPLE,0,1995,ASIA,1
2020-01-01,8PM,,,INTERNAL,COLLISION,,,001,25.0,986.0,SIMPLE,0,1994,ASIA,1
2020-01-01,8PM,,,,COLLISION,,,001,24.0,340.0,SIMPLE,0,1987,ARABI,1
2020-01-01,8PM,,,INTERNAL,COLLISION,,,001,51.0,653.0,SIMPLE,0,1980,ARABI,1
2020-01-01,8PM,,,INTERNAL,COLLISION,COLLISION WITH ONE OR MORE VEHICLES,,001,18.0,920.0,SIMPLE,0,1976,QATAR,1
2020-01-01,8PM,,,INTERNAL,COLLISION,COLLISION WITH ONE OR MORE VEHICLES,,009,53.0,567.0,SIMPLE,0,1981,ARABI,1
2020-01-01,8PM,,,,COLLISION,,,009,55.0,363.0,SIMPLE,0,1975,ASIA,1
2020-01-01,8PM,,,,COLLISION,COLLISION WITH FIXED OBJECT,,009,51.0,780.0,SIMPLE,0,1960,ASIA,1
2020-01-01,8PM,,,INTERNAL,,COLLISION WITH ONE OR MORE VEHICLES,,001,56.0,480.0,,0,0,,1
2020-01-01,8PM,,,,COLLISION,,,001,66.0,-1.0,SIMPLE,0,1991,ASIA,1
2020-01-01,8PM,,,INTERNAL,COLLISION,,,001,37.0,150.0,SIMPLE,0,1995,ASIA,1
2020-01-01,8PM,,,EXTERNAL,COLLISION,,,001,30.0,-1.0,SIMPLE,0,1998,QATAR,1
2020-01-01,8PM,,,INTERNAL,COLLISION,,,001,25.0,842.0,SIMPLE,0,1996,ARABI,1
2020-01-01,8PM,,,,COLLISION,,,003,94.0,-1.0,LIGHT INJURY,0,0,,1
2020-01-01,8PM,,,,COLLISION,,,009,55.0,,SIMPLE,0,1997,ASIA,1
2020-01-01,8PM,,,,COLLISION,,,001,31.0,253.0,SIMPLE,0,1983,AFRIC,1
2020-01-01,8PM,,,,COLLISION,,,001,25.0,-1.0,SIMPLE,0,1984,AFRIC,1
2020-01-01,8PM,,,INTERNAL,COLLISION,,,009,57.0,1.0,SIMPLE,0,1972,ASIA,1
2020-01-01,8PM,,,,COLLISION,,,001,51.0,-1.0,LIGHT INJURY,0,1990,ARABI,1
2020-01-01,8PM,,,INTERNAL,COLLISION,,,001,53.0,730.0,SIMPLE,0,1974,ARABI,1
2020-01-01,8PM,,,INTERNAL,COLLISION,,,009,56.0,761.0,SIMPLE,0,1981,ARABI,1
2020-01-01,8PM,,,INTERNAL,COLLISION,COLLISION WITH ONE OR MORE VEHICLES,,009,56.0,171.0,SIMPLE,0,1992,ASIA,1
2020-01-01,8PM,,,INTERNAL,COLLISION,,,001,24.0,340.0,SIMPLE,0,1978,NORTH,1
2020-01-01,8PM,,,,COLLISION,,OTHER,001,68.0,233.0,LIGHT INJURY,0,1998,ARABI,1
2020-01-01,8PM,,,INTERNAL,COLLISION,,,009,56.0,-1.0,SIMPLE,0,2000,QATAR,1
2020-01-01,8PM,,,INTERNAL,COLLISION,,,009,56.0,995.0,SIMPLE,0,1989,ASIA,1
2020-01-01,8PM,,,INTERNAL,COLLISION,,,009,53.0,702.0,SIMPLE,0,1977,ARABI,1
2020-01-01,8PM,,,INTERNAL,COLLISION,COLLISION WITH ONE OR MORE VEHICLES,,001,38.0,820.0,SIMPLE,0,1993,ARABI,1
2020-01-01,8PM,,,INTERNAL,COLLISION,,,001,26.0,931.0,SIMPLE,0,1979,ASIA,1
2020-01-01,8PM,,,INTERNAL,COLLISION,,,001,25.0,220.0,SIMPLE,0,1989,ARABI,1
2020-01-01,8PM,,,INTERNAL,COLLISION,,,001,52.0,371.0,SIMPLE,0,1991,ASIA,1
2020-01-01,8PM,,,INTERNAL,COLLISION,,,001,40.0,870.0,SIMPLE,0,1965,ARABI,1
2020-01-01,8PM,,,,COLLISION,,,001,53.0,840.0,SIMPLE,0,1996,ASIA,1
2020-01-01,8PM,,,,COLLISION,,,005,90.0,619.0,SIMPLE,0,1999,ARABI,1
2020-01-01,8PM,,,INTERNAL,,COLLISION WITH ONE OR MORE VEHICLES,,001,61.0,850.0,,0,0,,1
2020-01-01,8PM,,,INTERNAL,COLLISION,COLLISION WITH FIXED OBJECT,,029,69.0,800.0,LIGHT INJURY,0,1999,ARABI,1
2020-01-01,8PM,,,,COLLISION,,,001,26.0,947.0,SIMPLE,0,2001,ASIA,1
2020-01-01,8PM,,,,COLLISION,,,001,39.0,251.0,SIMPLE,0,1962,ARABI,1
2020-01-01,8PM,,,INTERNAL,COLLISION,,,001,45.0,916.0,SIMPLE,0,1972,QATAR,1
2020-01-01,8PM,,,INTERNAL,COLLISION,,,001,45.0,892.0,SIMPLE,0,1985,ASIA,2
2020-01-01,8PM,,,INTERNAL,COLLISION,COLLISION WITH ONE OR MORE VEHICLES,,009,51.0,884.0,SIMPLE,0,1988,QATAR,1
2020-01-01,8PM,,,,COLLISION,,,009,55.0,750.0,SIMPLE,0,1,,1
2020-01-01,8PM,,,INTERNAL,COLLISION,COLLISION WITH ONE OR MORE VEHICLES,,001,38.0,830.0,SIMPLE,0,1977,ASIA,1
2020-01-01,8PM,,,,COLLISION,,,001,53.0,740.0,SIMPLE,0,1,,1
2020-01-01,8PM,,,INTERNAL,COLLISION,,,002,74.0,742.0,SIMPLE,0,1982,ARABI,1
2020-01-01,8PM,,,INTERNAL,COLLISION,,,002,74.0,880.0,SIMPLE,0,1986,ASIA,1
2020-01-01,8PM,,,,COLLISION,,,001,33.0,970.0,SIMPLE,0,1997,QATAR,1
2020-01-01,8PM,,,,COLLISION,,,001,56.0,995.0,SIMPLE,0,1968,ARABI,1
2020-01-01,8PM,,,INTERNAL,COLLISION,,,002,74.0,212.0,SIMPLE,0,1986,ASIA,1
2020-01-01,8PM,,,INTERNAL,COLLISION,,,009,52.0,281.0,SIMPLE,0,1991,ARABI,1
2020-01-01,8PM,,,INTERNAL,COLLISION,,,002,74.0,672.0,SIMPLE,0,1980,ASIA,1
2020-01-01,8PM,,,,COLLISION,,,001,55.0,420.0,SIMPLE,0,1997,AFRIC,1
2020-01-01,8PM,,,,COLLISION,,,007,71.0,456.0,SIMPLE,0,1991,ASIA,1
2020-01-01,8PM,,,INTERNAL,COLLISION,,,009,51.0,780.0,SIMPLE,0,1993,ASIA,1
2020-01-01,8PM,,,,COLLISION,,,001,6.0,214.0,SIMPLE,0,1986,ASIA,1
2020-01-01,8PM,,,INTERNAL,COLLISION,COLLISION WITH FIXED OBJECT,,001,49.0,-1.0,SIMPLE,0,1989,AFRIC,1
2020-01-01,8PM,,,,COLLISION,,,009,53.0,1460.0,SIMPLE,0,1972,EUROP,1
2020-01-01,8PM,,,,COLLISION,COLLISION WITH FIXED OBJECT,,005,90.0,-1.0,SIMPLE,0,1986,ARABI,1
2020-01-01,8PM,,,INTERNAL,COLLISION,COLLISION WITH FIXED OBJECT,,001,34.0,980.0,SIMPLE,0,1988,ARABI,1
2020-01-01,8PM,,,,COUP,INVERSION,,001,69.0,-1.0,SIMPLE,0,1996,ASIA,1
2020-01-01,8PM,,,,COLLISION,,,003,94.0,-1.0,SIMPLE,0,1,,1
2020-01-01,8PM,,,,COLLISION,,,004,86.0,-1.0,SIMPLE,0,1972,ASIA,1
2020-01-01,8PM,,,INTERNAL,COLLISION,,,005,90.0,720.0,SIMPLE,0,1992,ARABI,1
2020-01-01,8PM,,,,COLLISION,COLLISION WITH FIXED OBJECT,,029,70.0,443.0,SIMPLE,0,1969,QATAR,1
2020-01-01,8PM,,,,COLLISION,,,005,90.0,720.0,SIMPLE,0,2000,QATAR,2
2020-01-01,8PM,,,INTERNAL,COLLISION,,,001,34.0,880.0,SIMPLE,0,1981,ASIA,1
2020-01-01,8PM,,,,COLLISION,,,001,56.0,351.0,SIMPLE,0,1980,ASIA,1
2020-01-01,8PM,,,,COLLISION,,,001,69.0,-1.0,SIMPLE,0,1988,QATAR,1
2020-01-01,8PM,,,INTERNAL,COLLISION,,,001,25.0,945.0,SIMPLE,0,1990,ASIA,1
2020-01-01,8PM,,,INTERNAL,,COLLISION WITH ONE OR MORE VEHICLES,,015,82.0,-1.0,,0,0,,1
2020-01-01,8PM,,,,COLLISION,COLLISION WITH FIXED OBJECT,,009,71.0,550.0,SIMPLE,0,2003,QATAR,1
2020-01-01,8PM,,,INTERNAL,COLLISION,,,001,45.0,885.0,SIMPLE,0,1979,ASIA,1
2020-01-01,8PM,,,INTERNAL,COLLISION,,,028,57.0,52.0,SIMPLE,0,1996,QATAR,1
2020-01-01,8PM,,,INTERNAL,COLLISION,,,001,40.0,250.0,SIMPLE,0,1997,ASIA,1
2020-01-01,8PM,,,INTERNAL,COLLISION,,,001,38.0,814.0,SIMPLE,0,1984,AFRIC,1
2020-01-01,8PM,,,INTERNAL,COLLISION,,,009,56.0,102.0,SIMPLE,0,1981,ARABI,1
2020-01-01,8PM,,,,COLLISION,,,001,45.0,840.0,SIMPLE,0,1996,ASIA,1
2020-01-01,8PM,,,INTERNAL,COLLISION,,,028,57.0,10.0,SIMPLE,0,1990,ASIA,1
2020-01-01,8PM,,,,COLLISION,,,009,53.0,748.0,SIMPLE,0,1987,ASIA,1
2020-01-01,8PM,,,INTERNAL,COLLISION,COLLISION WITH ONE OR MORE VEHICLES,,009,51.0,531.0,SIMPLE,0,1978,ARABI,1
2020-01-01,8PM,,,,COLLISION,,,007,71.0,-1.0,SIMPLE,0,1995,QATAR,1
2020-01-01,8PM,,,INTERNAL,,COLLISION WITH ONE OR MORE VEHICLES,,001,66.0,102.0,,0,0,,1
2020-01-01,8PM,,,,COLLISION,,,005,90.0,-1.0,SIMPLE,0,1985,ASIA,1
2020-01-01,8PM,,,,COLLISION,,OTHER,001,34.0,880.0,SIMPLE,0,1993,QATAR,1
2020-01-01,8PM,,,INTERNAL,COLLISION,,,028,57.0,15.0,SIMPLE,0,1987,ASIA,2
2020-01-01,8PM,,,INTERNAL,COLLISION,,,001,23.0,830.0,SIMPLE,0,1963,EUROP,1
2020-01-01,8PM,,,,COLLISION,,,001,51.0,253.0,SIMPLE,0,1989,ASIA,1
2020-01-01,8PM,,,,COLLISION,,,001,25.0,950.0,SIMPLE,0,1981,ASIA,2
2020-01-01,8PM,,,INTERNAL,COLLISION,COLLISION WITH ONE OR MORE VEHICLES,,001,47.0,270.0,SIMPLE,0,1972,ARABI,1
2020-01-01,8PM,,,,COLLISION,,,001,46.0,929.0,SIMPLE,0,1966,ARABI,1
2020-01-01,8PM,,,INTERNAL,COLLISION,,,001,30.0,940.0,SIMPLE,0,1985,QATAR,1
2020-01-01,8PM,,,,COLLISION,,,027,91.0,-1.0,SIMPLE,0,1956,ARABI,1
2020-01-01,8PM,,,INTERNAL,COLLISION,,,001,51.0,790.0,SIMPLE,0,1988,ASIA,1
2020-01-01,8PM,,,INTERNAL,COLLISION,,,007,71.0,426.0,SIMPLE,0,1996,AFRIC,1
2020-01-01,8PM,,,INTERNAL,COLLISION,,,001,56.0,340.0,SIMPLE,0,1,QATAR,1
2020-01-01,8PM,,,,COLLISION,,,001,51.0,-1.0,SIMPLE,0,1988,OTHER,1
2020-01-01,8PM,,,,COLLISION,COLLISION WITH FIXED OBJECT,,027,91.0,2000.0,LIGHT INJURY,0,1986,AFRIC,1
2020-01-01,8PM,,,INTERNAL,COLLISION,,,009,55.0,929.0,SIMPLE,0,1985,ARABI,1
2020-01-01,8PM,,,INTERNAL,COLLISION,,,007,71.0,510.0,SIMPLE,0,2000,ARABI,1
2020-01-01,8PM,,,INTERNAL,COLLISION,COLLISION WITH ONE OR MORE VEHICLES,,009,55.0,1212.0,SIMPLE,0,1977,ARABI,1
2020-01-01,8PM,,,INTERNAL,COLLISION,COLLISION WITH ONE OR MORE VEHICLES,,009,53.0,893.0,SIMPLE,0,1981,ARABI,1
2020-01-01,8PM,,,INTERNAL,COLLISION,,,001,43.0,819.0,SIMPLE,0,1983,ASIA,1
2020-01-01,8PM,,,,COLLISION,COLLISION WITH FIXED OBJECT,,001,48.0,-1.0,SIMPLE,0,1995,ARABI,1
2020-01-01,8PM,,,INTERNAL,COLLISION,,,001,25.0,865.0,SIMPLE,0,1989,ASIA,1
2020-01-01,8PM,,,INTERNAL,COLLISION,,,009,51.0,780.0,SIMPLE,0,1975,ARABI,1
2020-01-01,8PM,,,INTERNAL,COLLISION,COLLISION WITH ONE OR MORE VEHICLES,,009,53.0,350.0,SIMPLE,0,1992,AFRIC,1
2020-01-01,8PM,,,,COLLISION,,,001,39.0,840.0,SIMPLE,0,1982,ARABI,1
2020-01-01,8PM,,,INTERNAL,COLLISION,,,001,14.0,339.0,LIGHT INJURY,0,1992,ARABI,1
2020-01-01,8PM,,,INTERNAL,COLLISION,COLLISION WITH ONE OR MORE VEHICLES,,009,55.0,970.0,SIMPLE,0,1988,ASIA,1
2020-01-01,8PM,,,INTERNAL,COLLISION,,,009,51.0,371.0,SIMPLE,0,1985,ARABI,2
2020-01-01,8PM,,,,COLLISION,,,001,23.0,340.0,SIMPLE,0,1991,ASIA,1
2020-01-01,8PM,,,,COLLISION,COLLISION WITH FIXED OBJECT,,001,43.0,819.0,SIMPLE,0,1973,QATAR,1
2020-01-01,8PM,,,INTERNAL,COLLISION,COLLISION WITH ONE OR MORE VEHICLES,,009,52.0,745.0,SIMPLE,0,1958,ASIA,1
2020-01-01,8PM,,,INTERNAL,COLLISION,,,009,39.0,340.0,SIMPLE,0,1982,ARABI,1
2020-01-01,8PM,,,INTERNAL,COLLISION,COLLISION WITH ONE OR MORE VEHICLES,,005,90.0,201.0,SIMPLE,0,1990,ASIA,1
2020-01-01,8PM,,,INTERNAL,COLLISION,,,001,45.0,892.0,SIMPLE,0,1958,OTHER,1
2020-01-01,8PM,,,INTERNAL,COLLISION,,,009,52.0,640.0,SIMPLE,0,1973,ASIA,1
2020-01-01,8PM,,,INTERNAL,COLLISION,,,005,91.0,299.0,SIMPLE,0,1971,ARABI,1
2020-01-01,8PM,,,INTERNAL,COLLISION,,,001,55.0,180.0,SIMPLE,0,1997,ARABI,1
2020-01-01,8PM,,,,COLLISION,,,001,39.0,-1.0,LIGHT INJURY,0,1959,ARABI,1
2020-01-01,8PM,,,INTERNAL,,COLLISION WITH ONE OR MORE VEHICLES,,001,33.0,370.0,,0,0,,1
2020-01-01,8PM,,,INTERNAL,COLLISION,,,001,57.0,23.0,SIMPLE,0,2001,QATAR,1
2020-01-01,8PM,,,,COLLISION,,,001,56.0,995.0,SIMPLE,0,1987,QATAR,1
2020-01-01,8PM,,,INTERNAL,COLLISION,COLLISION WITH ONE OR MORE VEHICLES,,010,54.0,350.0,SIMPLE,0,1982,ARABI,1
2020-01-01,8PM,,,,COLLISION,,,001,51.0,-1.0,SIMPLE,0,1985,ASIA,1
2020-01-01,8PM,,,,COLLISION,,,001,56.0,1100.0,SIMPLE,0,1974,ARABI,1
2020-01-01,8PM,,,,COLLISION,COLLISION WITH FIXED OBJECT,,001,3.0,820.0,SIMPLE,0,1981,QATAR,1
2020-01-01,8PM,,,,COLLISION,,,001,60.0,200.0,SIMPLE,0,1959,ARABI,1
2020-01-01,8PM,,,,COUP,INVERSION,,001,12.0,361.0,LIGHT INJURY,0,1991,ASIA,1
2020-01-01,8PM,,,,COLLISION,,OTHER,001,43.0,250.0,LIGHT INJURY,0,1988,QATAR,1
2020-01-01,8PM,,,INTERNAL,COLLISION,,,009,53.0,350.0,SIMPLE,0,1995,ASIA,1
2020-01-01,8PM,,,INTERNAL,COLLISION,,,001,25.0,851.0,SIMPLE,0,1992,ARABI,1
2020-01-01,8PM,,,INTERNAL,COLLISION,,,001,23.0,340.0,SIMPLE,0,1987,ARABI,1
2020-01-01,8PM,,,INTERNAL,COLLISION,,,009,53.0,482.0,SIMPLE,0,1960,QATAR,1
2020-01-01,8PM,,,EXTERNAL,COLLISION,,,005,90.0,820.0,LIGHT INJURY,0,1975,ASIA,1
2020-01-01,8PM,,,INTERNAL,COLLISION,,,001,45.0,892.0,SIMPLE,0,1983,ASIA,2
2020-01-01,8PM,,,,COLLISION,,,001,13.0,975.0,SIMPLE,0,1972,ARABI,1
2020-01-01,8PM,,,INTERNAL,COLLISION,,,001,34.0,948.0,SIMPLE,0,1978,ASIA,1
2020-01-01,8PM,,,,COLLISION,,,007,80.0,-1.0,SIMPLE,0,1996,QATAR,1
2020-01-01,8PM,,,,COLLISION,,,001,66.0,180.0,SIMPLE,0,1980,QATAR,1
2020-01-01,8PM,,,INTERNAL,COLLISION,,,009,55.0,280.0,SIMPLE,0,1991,ARABI,2
2020-01-01,8PM,,,INTERNAL,COLLISION,,,001,37.0,990.0,SIMPLE,0,1973,QATAR,1
2020-01-01,8PM,,,INTERNAL,,NON COLLISION ACCIDENT (OVERTURN/FALLING),,001,28.0,840.0,,0,0,,1
2020-01-01,8PM,,,,COLLISION,,,001,51.0,687.0,SIMPLE,0,1975,ASIA,1
2020-01-01,8PM,,,INTERNAL,COLLISION,,,009,34.0,810.0,SIMPLE,0,1987,QATAR,1
2020-01-01,8PM,,,INTERNAL,COLLISION,,,001,32.0,975.0,SIMPLE,0,1981,ARABI,1
2020-01-01,8PM,,,INTERNAL,COLLISION,,,007,71.0,550.0,SIMPLE,0,1977,QATAR,1
2020-01-01,8PM,,,,COLLISION,,,001,52.0,990.0,SIMPLE,0,1993,ASIA,1
2020-01-01,8PM,,,INTERNAL,COLLISION,,,001,23.0,834.0,SIMPLE,0,1975,ASIA,1
2020-01-01,8PM,,,INTERNAL,COLLISION,COLLISION WITH FIXED OBJECT,,005,90.0,312.0,SIMPLE,0,1992,ARABI,1
2020-01-01,8PM,,,INTERNAL,COLLISION,,,007,71.0,576.0,SIMPLE,0,1986,ASIA,1
2020-01-01,8PM,,,INTERNAL,COLLISION,COLLISION WITH ONE OR MORE VEHICLES,,005,90.0,635.0,SIMPLE,0,2001,ARABI,1
2020-01-01,8PM,,,INTERNAL,COLLISION,,,001,54.0,-1.0,SIMPLE,0,1976,ASIA,1
2020-01-01,8PM,,,,COLLISION,,,017,90.0,720.0,SIMPLE,0,1988,ASIA,1
2020-01-01,8PM,,,,COLLISION,,,001,55.0,364.0,SIMPLE,0,1988,ARABI,1
2020-01-01,8PM,,,,COLLISION,,,001,25.0,220.0,SIMPLE,0,1947,QATAR,1
2020-01-01,8PM,,,INTERNAL,COLLISION,,,001,64.0,222.0,SIMPLE,0,1999,NORTH,1
2020-01-01,8PM,,,INTERNAL,COLLISION,,,001,57.0,115.0,LIGHT INJURY,0,1996,ASIA,1
2020-01-01,8PM,,,INTERNAL,COLLISION,COLLISION WITH FIXED OBJECT,,028,91.0,2000.0,SIMPLE,0,1975,ASIA,1
2020-01-01,8PM,,,INTERNAL,COLLISION,COLLISION WITH ONE OR MORE VEHICLES,,009,56.0,100.0,SIMPLE,0,1976,ASIA,1
2020-01-01,8PM,,,INTERNAL,COLLISION,COLLISION WITH FIXED OBJECT,,001,56.0,94.0,SIMPLE,0,1970,QATAR,1
2020-01-01,8PM,,,,COLLISION,,,001,37.0,232.0,SIMPLE,0,1992,ASIA,1
2020-01-01,8PM,,,,COLLISION,,,001,45.0,320.0,SIMPLE,0,1977,ASIA,1
2020-01-01,8PM,,,INTERNAL,COLLISION,,,001,55.0,530.0,LIGHT INJURY,0,1994,ASIA,1
2020-01-01,8PM,,,INTERNAL,COLLISION,,,001,56.0,150.0,SIMPLE,0,1969,ARABI,1
2020-01-01,8PM,,,INTERNAL,COLLISION,,,009,54.0,656.0,SIMPLE,0,1985,QATAR,1
2020-01-01,8PM,,,,COLLISION,,,010,80.0,-1.0,SIMPLE,0,1994,QATAR,1
2020-01-01,8PM,,,INTERNAL,RUN OVER,COLLISION WITH PEDESTRIANS,,028,56.0,-1.0,LIGHT INJURY,0,1983,ASIA,1
2020-01-01,8PM,,,INTERNAL,COLLISION,,,007,71.0,648.0,SIMPLE,0,1972,ASIA,1
2020-01-01,8PM,,,INTERNAL,COLLISION,,,029,70.0,1390.0,HEAVY INJURY,0,1965,QATAR,1
2020-01-01,8PM,,,INTERNAL,COLLISION,,,007,71.0,524.0,SIMPLE,0,1989,ASIA,1
2020-01-01,8PM,,,,COLLISION,,,001,1.0,119.0,SIMPLE,0,1992,ARABI,1
2020-01-01,8PM,,,INTERNAL,COLLISION,,,001,61.0,-1.0,SIMPLE,0,1976,ASIA,1
2020-01-01,8PM,,,INTERNAL,COLLISION,,,009,55.0,364.0,SIMPLE,0,1995,ARABI,1
2020-01-01,8PM,,,INTERNAL,COLLISION,,,028,56.0,100.0,SIMPLE,0,1988,QATAR,1
2020-01-01,8PM,,,,COLLISION,,,005,91.0,299.0,SIMPLE,0,1988,ASIA,1
2020-01-01,8PM,,,INTERNAL,COLLISION,,,028,57.0,10.0,SIMPLE,0,1989,ASIA,1
2020-01-01,8PM,,,INTERNAL,COLLISION,,,001,43.0,655.0,SIMPLE,0,1999,ARABI,1
2020-01-01,8PM,,,INTERNAL,COLLISION,,,007,71.0,760.0,SIMPLE,0,1979,QATAR,1
2020-01-01,8PM,,,INTERNAL,COLLISION,,,007,71.0,-1.0,SIMPLE,0,1987,ASIA,1
2020-01-01,8PM,,,INTERNAL,COLLISION,,,009,51.0,600.0,SIMPLE,0,2000,QATAR,1
2020-01-01,8PM,,,INTERNAL,COLLISION,,,001,27.0,950.0,SIMPLE,0,1993,ASIA,1
2020-01-01,8PM,,,INTERNAL,COLLISION,COLLISION WITH ONE OR MORE VEHICLES,,001,6.0,119.0,SIMPLE,0,1980,QATAR,1
2020-01-01,8PM,,,INTERNAL,COLLISION,,,009,25.0,980.0,SIMPLE,0,1974,ASIA,1
2020-01-01,8PM,,,INTERNAL,COLLISION,,,001,42.0,973.0,SIMPLE,0,1961,ARABI,1
2020-01-01,8PM,,,INTERNAL,,COLLISION WITH ONE OR MORE VEHICLES,,001,53.0,950.0,,0,0,,1
2020-01-01,8PM,,,,COLLISION,,,005,90.0,-1.0,SIMPLE,0,1954,QATAR,1
2020-01-01,8PM,,,,COLLISION,COLLISION WITH FIXED OBJECT,,007,71.0,1020.0,SIMPLE,0,1993,ARABI,1
2020-01-01,8PM,,,,COLLISION,,,009,52.0,-1.0,SIMPLE,0,1981,ARABI,1
2020-01-01,8PM,,,INTERNAL,COLLISION,COLLISION WITH FIXED OBJECT,,001,36.0,970.0,SIMPLE,0,1968,AFRIC,1
2020-01-01,8PM,,,INTERNAL,COLLISION,,,001,12.0,222.0,SIMPLE,0,1960,ARABI,1
2020-01-01,8PM,,,INTERNAL,COLLISION,,,001,19.0,200.0,SIMPLE,0,1980,ARABI,1
2020-01-01,8PM,,,,COLLISION,,,009,53.0,740.0,SIMPLE,0,0,,1
2020-01-01,8PM,,,INTERNAL,COLLISION,,,009,56.0,423.0,SIMPLE,0,1989,ARABI,1
2020-01-01,8PM,,,,COLLISION,,,005,90.0,725.0,SIMPLE,0,1974,QATAR,1
2020-01-01,8PM,,,,COLLISION,,,009,55.0,1085.0,SIMPLE,0,1988,QATAR,1
2020-01-01,8PM,,,,COLLISION,,,001,33.0,370.0,SIMPLE,0,1970,QATAR,1
2020-01-01,8PM,,,INTERNAL,COLLISION,,,002,74.0,212.0,SIMPLE,0,2001,QATAR,1
2020-01-01,8PM,,,,COLLISION,,,001,69.0,-1.0,SIMPLE,0,1997,QATAR,1
2020-01-01,8PM,,,,COLLISION,,,005,90.0,201.0,SIMPLE,0,1988,ASIA,1
2020-01-01,8PM,,,,COLLISION,,,001,45.0,840.0,SIMPLE,0,1990,ASIA,1
2020-01-01,8PM,,,,COUP,,OTHER,007,70.0,253.0,HEAVY INJURY,0,1982,ASIA,1
2020-01-01,8PM,,,,COLLISION,COLLISION WITH FIXED OBJECT,,001,43.0,773.0,SIMPLE,0,1985,QATAR,1
2020-01-01,8PM,,,,COLLISION,,,001,51.0,950.0,SIMPLE,0,2000,QATAR,1
2020-01-01,8PM,,,,COLLISION,,,001,52.0,903.0,LIGHT INJURY,0,1970,ASIA,1
2020-01-01,8PM,,,INTERNAL,COLLISION,,,001,45.0,970.0,SIMPLE,0,1982,ARABI,1
2020-01-01,8PM,,,INTERNAL,COLLISION,,,009,51.0,1126.0,SIMPLE,0,1969,ASIA,1
2020-01-01,8PM,,,,COLLISION,COLLISION WITH FIXED OBJECT,,026,70.0,242.0,SIMPLE,0,1986,QATAR,1
2020-01-01,8PM,,,,COLLISION,,,001,39.0,-1.0,SIMPLE,0,1982,QATAR,1
2020-01-01,8PM,,,INTERNAL,COLLISION,,,001,40.0,340.0,SIMPLE,0,1983,ARABI,1
2020-01-01,8PM,,,INTERNAL,COLLISION,COLLISION WITH ONE OR MORE VEHICLES,,009,56.0,990.0,SIMPLE,0,1981,ARABI,1
2020-01-01,8PM,,,,COLLISION,COLLISION WITH FIXED OBJECT,,002,74.0,820.0,SIMPLE,0,1993,ASIA,1
2020-01-01,8PM,,,,COLLISION,,,001,31.0,-1.0,SIMPLE,0,1984,AFRIC,1
2020-01-01,8PM,,,INTERNAL,COLLISION,,,009,27.0,310.0,SIMPLE,0,1990,ASIA,1
2020-01-01,8PM,,,INTERNAL,COLLISION,,,007,31.0,385.0,SIMPLE,0,1988,AFRIC,1
2020-01-01,8PM,,,,COLLISION,,,001,37.0,232.0,SIMPLE,0,1970,ASIA,1
2020-01-01,8PM,,,EXTERNAL,COLLISION,COLLISION WITH ANIMAL,,015,82.0,358.0,SIMPLE,0,1959,QATAR,1
2020-01-01,8PM,,,,COLLISION,COLLISION WITH FIXED OBJECT,,001,37.0,-1.0,SIMPLE,0,1986,QATAR,1
2020-01-01,8PM,,,INTERNAL,,COLLISION WITH ONE OR MORE VEHICLES,,001,69.0,205.0,,0,0,,1
2020-01-01,8PM,,,,COLLISION,,,009,54.0,960.0,SIMPLE,0,1969,ARABI,1
2020-01-01,8PM,,,,COLLISION,,,001,51.0,660.0,SIMPLE,0,1971,QATAR,1
2020-01-01,8PM,,,INTERNAL,COLLISION,,,009,56.0,995.0,SIMPLE,0,1990,QATAR,1
2020-01-01,8PM,,,,COLLISION,,,001,34.0,-1.0,SIMPLE,0,1999,QATAR,1
2020-01-01,8PM,,,,COLLISION,,,005,90.0,311.0,SIMPLE,0,1997,ARABI,1
2020-01-01,8PM,,,INTERNAL,COLLISION,,,009,53.0,503.0,SIMPLE,0,1979,ARABI,1
2020-01-01,8PM,,,INTERNAL,COLLISION,,,001,69.0,100.0,SIMPLE,0,1983,ASIA,1
2020-01-01,8PM,,,INTERNAL,COLLISION,,,001,38.0,904.0,SIMPLE,0,1998,ASIA,1
2020-01-01,8PM,,,,COLLISION,,,001,22.0,940.0,SIMPLE,0,1968,QATAR,1
2020-01-01,8PM,,,INTERNAL,COLLISION,,,001,34.0,813.0,SIMPLE,0,1979,ASIA,1
2020-01-01,8PM,,,INTERNAL,COLLISION,,,027,91.0,953.0,SIMPLE,0,1988,ASIA,1
2020-01-01,8PM,,,,COLLISION,,,001,53.0,-1.0,SIMPLE,0,1985,QATAR,1
2020-01-01,8PM,,,INTERNAL,COLLISION,,,009,55.0,432.0,SIMPLE,0,1994,QATAR,1
2020-01-01,8PM,,,INTERNAL,COLLISION,,,007,71.0,183.0,SIMPLE,0,1979,ARABI,1
2020-01-01,8PM,,,,COLLISION,,,029,70.0,-1.0,SIMPLE,0,1971,ASIA,1
2020-01-01,8PM,,,INTERNAL,COLLISION,COLLISION WITH ONE OR MORE VEHICLES,,009,52.0,350.0,SIMPLE,0,1980,ASIA,1
2020-01-01,8PM,,,INTERNAL,COLLISION,,,001,58.0,-1.0,SIMPLE,0,1993,ASIA,1
2020-01-01,8PM,,,INTERNAL,COLLISION,,,001,35.0,972.0,SIMPLE,0,1973,ASIA,1
2020-01-01,8PM,,,,COLLISION,COLLISION WITH FIXED OBJECT,,002,74.0,12.0,SIMPLE,0,1965,ARABI,1
2020-01-01,8PM,,,,COLLISION,,,001,5.0,214.0,SIMPLE,0,1994,ASIA,1
2020-01-01,8PM,,,,COLLISION,,,001,27.0,310.0,SIMPLE,0,1989,AFRIC,1
2020-01-01,8PM,,,INTERNAL,COLLISION,,,009,52.0,745.0,SIMPLE,0,1997,QATAR,1
2020-01-01,8PM,,,INTERNAL,COLLISION,,,009,55.0,908.0,SIMPLE,0,1987,ASIA,1
2020-01-01,8PM,,,INTERNAL,COLLISION,,,002,74.0,253.0,SIMPLE,0,1988,ARABI,1
2020-01-01,8PM,,,INTERNAL,COLLISION,,,007,71.0,550.0,SIMPLE,0,2000,QATAR,1
2020-01-01,8PM,,,,COLLISION,,,001,35.0,-1.0,SIMPLE,0,1992,ASIA,1
2020-01-01,8PM,,,INTERNAL,COLLISION,,,009,56.0,340.0,SIMPLE,0,1998,QATAR,1
2020-01-01,8PM,,,,COLLISION,COLLISION WITH FIXED OBJECT,,001,45.0,310.0,SIMPLE,0,1993,QATAR,1
2020-01-01,8PM,,,,COLLISION,,,002,74.0,727.0,SIMPLE,0,1974,ASIA,1
2020-01-01,8PM,,,INTERNAL,,COLLISION WITH ONE OR MORE VEHICLES,,001,20.0,232.0,,0,0,,1
2020-01-01,8PM,,,,COLLISION,COLLISION WITH FIXED OBJECT,,028,57.0,150.0,SIMPLE,0,1985,ARABI,1
2020-01-01,8PM,,,INTERNAL,COLLISION,,,001,7.0,119.0,SIMPLE,0,1971,ASIA,1
2020-01-01,8PM,,,,COLLISION,,,009,53.0,100.0,SIMPLE,0,1986,ARABI,1
2020-01-01,8PM,,,INTERNAL,COLLISION,,,009,55.0,366.0,SIMPLE,0,1982,EUROP,1
2020-01-01,8PM,,,INTERNAL,COLLISION,,,001,14.0,339.0,SIMPLE,0,1986,ASIA,1
2020-01-01,8PM,,,,COLLISION,,,001,50.0,270.0,SIMPLE,0,2000,ARABI,1
2020-01-01,8PM,,,INTERNAL,COLLISION,,,001,31.0,253.0,SIMPLE,0,1979,NORTH,1
2020-01-01,8PM,,,INTERNAL,COLLISION,,,001,45.0,892.0,SIMPLE,0,1996,QATAR,1
2020-01-01,8PM,,,INTERNAL,COLLISION,,,001,34.0,869.0,SIMPLE,0,1987,ARABI,1
2020-01-01,8PM,,,,COLLISION,COLLISION WITH FIXED OBJECT,,001,38.0,960.0,SIMPLE,0,1968,ARABI,1
2020-01-01,8PM,,,,COLLISION,,,001,39.0,340.0,SIMPLE,0,1976,ASIA,1
2020-01-01,8PM,,,,COLLISION,,,009,51.0,-1.0,SIMPLE,0,1995,ARABI,1
2020-01-01,8PM,,,INTERNAL,COLLISION,,,009,3.0,211.0,SIMPLE,0,1990,QATAR,1
2020-01-01,8PM,,,INTERNAL,COLLISION,,OTHER,028,57.0,119.0,SIMPLE,0,1985,ARABI,1
2020-01-01,8PM,,,INTERNAL,COLLISION,,,009,52.0,990.0,SIMPLE,0,1992,ARABI,1
2020-01-01,8PM,,,,COLLISION,COLLISION WITH FIXED OBJECT,,001,51.0,-1.0,SIMPLE,0,1963,ASIA,1
2020-01-01,8PM,,,,COLLISION,COLLISION WITH FIXED OBJECT,,028,57.0,100.0,SIMPLE,0,1985,ARABI,1
2020-01-01,8PM,,,INTERNAL,COLLISION,,,001,50.0,311.0,SIMPLE,0,1984,ARABI,1
2020-01-01,8PM,,,INTERNAL,,NON COLLISION ACCIDENT (OVERTURN/FALLING),,007,71.0,23.0,,0,0,,1
2020-01-01,8PM,,,INTERNAL,COLLISION,,,005,90.0,874.0,SIMPLE,0,1984,ASIA,1
2020-01-01,8PM,,,,COLLISION,,,001,56.0,-1.0,SIMPLE,0,1981,ARABI,1
2020-01-01,8PM,,,INTERNAL,COLLISION,,,009,38.0,150.0,SIMPLE,0,1978,ASIA,1
2020-01-01,8PM,,,INTERNAL,COLLISION,COLLISION WITH FIXED OBJECT,,001,56.0,121.0,SIMPLE,0,1985,ASIA,1
2020-01-01,8PM,,,INTERNAL,COLLISION,,,009,69.0,327.0,SIMPLE,0,2001,QATAR,1
2020-01-01,8PM,,,,COLLISION,,,001,39.0,-1.0,SIMPLE,0,1977,ARABI,1
2020-01-01,8PM,,,INTERNAL,COLLISION,,,001,42.0,815.0,SIMPLE,0,1982,QATAR,1
2020-01-01,8PM,,,INTERNAL,COLLISION,COLLISION WITH ONE OR MORE VEHICLES,,009,91.0,281.0,SIMPLE,0,1978,ARABI,1
2020-01-01,8PM,,,INTERNAL,COLLISION,COLLISION WITH ONE OR MORE VEHICLES,,001,42.0,860.0,SIMPLE,0,1990,ASIA,1
2020-01-01,8PM,,,,COLLISION,,,001,66.0,231.0,SIMPLE,0,1993,ARABI,1
2020-01-01,8PM,,,INTERNAL,COLLISION,,,009,53.0,989.0,SIMPLE,0,1975,QATAR,1
2020-01-01,8PM,,,INTERNAL,COLLISION,COLLISION WITH FIXED OBJECT,,001,69.0,-1.0,LIGHT INJURY,0,2001,GULF,1
2020-01-01,8PM,,,INTERNAL,COLLISION,,,001,21.0,150.0,SIMPLE,0,1962,ASIA,1
2020-01-01,8PM,,,INTERNAL,COLLISION,COLLISION WITH FIXED OBJECT,,002,74.0,-1.0,SIMPLE,0,1973,ASIA,1
2020-01-01,8PM,,,INTERNAL,COLLISION,,,001,45.0,310.0,SIMPLE,0,1994,ARABI,1
2020-01-01,8PM,,,INTERNAL,COLLISION,,,009,56.0,171.0,SIMPLE,0,1996,ASIA,1
2020-01-01,8PM,,,INTERNAL,COLLISION,,,001,22.0,910.0,SIMPLE,0,1974,AFRIC,1
2020-01-01,8PM,,,,COLLISION,,,009,54.0,634.0,SIMPLE,0,2002,QATAR,1
2020-01-01,8PM,,,INTERNAL,COLLISION,,,009,56.0,995.0,SIMPLE,0,1990,ASIA,1
2020-01-01,8PM,,,,RUN OVER,COLLISION WITH PEDESTRIANS,,028,55.0,340.0,LIGHT INJURY,0,1988,ARABI,1
2020-01-01,8PM,,,INTERNAL,,NON COLLISION ACCIDENT (OVERTURN/FALLING),,001,46.0,-1.0,,0,0,,1
2020-01-01,8PM,,,INTERNAL,COLLISION,,,009,53.0,100.0,SIMPLE,0,1974,ASIA,1
2020-01-01,8PM,,,,COLLISION,,,001,45.0,-1.0,SIMPLE,0,1980,AFRIC,1
2020-01-01,8PM,,,INTERNAL,COLLISION,,,001,42.0,310.0,SIMPLE,0,1994,ASIA,1
2020-01-01,8PM,,,INTERNAL,COLLISION,COLLISION WITH ONE OR MORE VEHICLES,,008,70.0,3241.0,SIMPLE,0,1983,ARABI,1
2020-01-01,8PM,,,,COLLISION,,,028,57.0,50.0,SIMPLE,0,1980,ASIA,1
2020-01-01,8PM,,,INTERNAL,COLLISION,COLLISION WITH ONE OR MORE VEHICLES,,009,53.0,971.0,SIMPLE,0,1974,AFRIC,1
2020-01-01,8PM,,,INTERNAL,COLLISION,,,009,51.0,470.0,SIMPLE,0,1982,QATAR,1
2020-01-01,8PM,,,INTERNAL,COLLISION,,,001,14.0,-1.0,SIMPLE,0,1991,ARABI,1
2020-01-01,8PM,,,,COLLISION,,,027,91.0,200.0,SIMPLE,0,1982,ASIA,1
2020-01-01,8PM,,,INTERNAL,COLLISION,,,001,40.0,870.0,SIMPLE,0,1994,ASIA,1
2020-01-01,8PM,,,,COLLISION,,,001,53.0,630.0,SIMPLE,0,1999,QATAR,1
2020-01-01,8PM,,,,COLLISION,,,001,46.0,425.0,SIMPLE,0,1989,ASIA,1
2020-01-01,8PM,,,INTERNAL,COLLISION,,,009,52.0,745.0,SIMPLE,0,1975,AFRIC,1
2020-01-01,8PM,,,,RUN OVER,COLLISION WITH PEDESTRIANS,OTHER,028,57.0,100.0,HEAVY INJURY,0,1986,ARABI,1
2020-01-01,8PM,,,,COLLISION,,,001,69.0,-1.0,SIMPLE,0,1983,ARABI,1
2020-01-01,8PM,,,,COUP,COLLISION WITH FIXED OBJECT,,001,66.0,100.0,LIGHT INJURY,0,1991,ASIA,1
2020-01-01,8PM,,,INTERNAL,COLLISION,COLLISION WITH FIXED OBJECT,,029,70.0,666.0,LIGHT INJURY,0,2006,QATAR,1
2020-01-01,8PM,,,INTERNAL,COLLISION,,,028,57.0,49.0,SIMPLE,0,1982,ASIA,2
2020-01-01,8PM,,,INTERNAL,COLLISION,FALL FROM CAR,,024,77.0,253.0,LIGHT INJURY,0,2003,QATAR,1
2020-01-01,8PM,,,,COLLISION,,,001,53.0,740.0,SIMPLE,0,1988,ASIA,1
2020-01-01,8PM,,,INTERNAL,COLLISION,,,001,15.0,910.0,SIMPLE,0,1983,ASIA,1
2020-01-01,8PM,,,,COLLISION,,,001,7.0,850.0,SIMPLE,0,1961,ASIA,1
2020-01-01,8PM,,,INTERNAL,COLLISION,,,009,51.0,786.0,SIMPLE,0,1984,ARABI,1
2020-01-01,8PM,,,INTERNAL,COLLISION,,,002,74.0,-1.0,SIMPLE,0,1992,QATAR,1
2020-01-01,8PM,,,INTERNAL,COLLISION,COLLISION WITH FIXED OBJECT,,001,56.0,8.0,SIMPLE,0,1981,ARABI,1
2020-01-01,8PM,,,INTERNAL,COLLISION,COLLISION WITH ONE OR MORE VEHICLES,,005,90.0,620.0,SIMPLE,0,1962,ASIA,1
2020-01-01,8PM,,,INTERNAL,COLLISION,,,009,58.0,995.0,SIMPLE,0,1988,ASIA,1
2020-01-01,8PM,,,INTERNAL,COLLISION,,,001,45.0,-1.0,SIMPLE,0,1962,ASIA,1
2020-01-01,8PM,,,,COLLISION,,,001,39.0,826.0,SIMPLE,0,1977,ASIA,1
2020-01-01,8PM,,,INTERNAL,COLLISION,,,009,51.0,780.0,SIMPLE,0,1990,ASIA,1
2020-01-01,8PM,,,INTERNAL,COLLISION,COLLISION WITH FIXED OBJECT,,001,37.0,-1.0,SIMPLE,0,2000,QATAR,1
2020-01-01,8PM,,,INTERNAL,,COLLISION WITH ONE OR MORE VEHICLES,,001,42.0,-1.0,,0,0,,2
2020-01-01,8PM,,,INTERNAL,COLLISION,,,009,56.0,430.0,SIMPLE,0,1967,ARABI,1
2020-01-01,8PM,,,EXTERNAL,COLLISION,COLLISION WITH FIXED OBJECT,,001,61.0,801.0,SIMPLE,0,1996,ASIA,1
2020-01-01,8PM,,,INTERNAL,COLLISION,,,009,51.0,750.0,SIMPLE,0,1984,ASIA,1
2020-01-01,8PM,,,,COLLISION,COLLISION WITH FIXED OBJECT,,009,51.0,-1.0,SIMPLE,0,1982,ASIA,1
2020-01-01,8PM,,,INTERNAL,COLLISION,,,029,70.0,3220.0,SIMPLE,0,1986,ARABI,1
2020-01-01,8PM,,,,COLLISION,,,008,71.0,860.0,SIMPLE,0,1990,ASIA,1
2020-01-01,8PM,,,,COLLISION,,,005,90.0,720.0,SIMPLE,0,1993,ARABI,1
2020-01-01,8PM,,,,COLLISION,,,001,45.0,970.0,SIMPLE,0,1973,ASIA,1
2020-01-01,8PM,,,INTERNAL,COLLISION,,,009,53.0,680.0,SIMPLE,0,1969,ARABI,1
2020-01-01,8PM,,,INTERNAL,COLLISION,,,001,58.0,819.0,SIMPLE,0,1980,ASIA,1
2020-01-01,8PM,,,INTERNAL,COLLISION,COLLISION WITH ONE OR MORE VEHICLES,,009,52.0,745.0,SIMPLE,0,1982,ASIA,1
2020-01-01,8PM,,,INTERNAL,COLLISION,,,001,24.0,830.0,SIMPLE,0,1994,ARABI,1
2020-01-01,8PM,,,INTERNAL,COLLISION,,,009,55.0,864.0,SIMPLE,0,1975,ASIA,1
2020-01-01,8PM,,,INTERNAL,COLLISION,COLLISION WITH FIXED OBJECT,,001,55.0,340.0,SIMPLE,0,1994,QATAR,1
2020-01-01,8PM,,,INTERNAL,COLLISION,,,009,56.0,480.0,SIMPLE,0,1986,ASIA,1
2020-01-01,8PM,,,INTERNAL,COLLISION,,,001,44.0,940.0,SIMPLE,0,1987,ARABI,1
2020-01-01,8PM,,,INTERNAL,COLLISION,,,001,2.0,200.0,SIMPLE,0,1974,ARABI,1
2020-01-01,8PM,,,INTERNAL,COLLISION,,,001,58.0,570.0,SIMPLE,0,1988,ASIA,1
2020-01-01,8PM,,,,COLLISION,,,010,80.0,-1.0,SIMPLE,0,1993,ASIA,1
2020-01-01,8PM,,,INTERNAL,COLLISION,,,001,34.0,832.0,SIMPLE,0,1984,ARABI,1
2020-01-01,8PM,,,,COLLISION,,,027,91.0,200.0,LIGHT INJURY,0,1982,ASIA,1
2020-01-01,8PM,,,,COLLISION,,,001,66.0,101.0,SIMPLE,0,1980,ARABI,1
2020-01-01,8PM,,,,COLLISION,COLLISION WITH FIXED OBJECT,,001,66.0,834.0,SIMPLE,0,2002,ARABI,1
2020-01-01,8PM,,,INTERNAL,COLLISION,,,001,66.0,-1.0,SIMPLE,0,1987,ARABI,1
2020-01-01,8PM,,,INTERNAL,COLLISION,,,001,61.0,804.0,SIMPLE,0,1992,ARABI,1
2020-01-01,8PM,,,INTERNAL,COLLISION,COLLISION WITH FIXED OBJECT,,001,56.0,-1.0,SIMPLE,0,1971,ASIA,1
2020-01-01,8PM,,,INTERNAL,COLLISION,COLLISION WITH ONE OR MORE VEHICLES,,001,40.0,980.0,SIMPLE,0,1990,ASIA,1
2020-01-01,8PM,,,INTERNAL,COLLISION,,,001,23.0,940.0,SIMPLE,0,1974,ASIA,1
2020-01-01,8PM,,,INTERNAL,COLLISION,,OTHER,001,31.0,-1.0,SIMPLE,0,1998,QATAR,1
2020-01-01,8PM,,,INTERNAL,COLLISION,,,027,91.0,900.0,SIMPLE,0,2001,ARABI,1
2020-01-01,8PM,,,INTERNAL,COLLISION,,,005,91.0,212.0,SIMPLE,0,1986,ARABI,1
2020-01-01,8PM,,,,COLLISION,,,001,37.0,970.0,SIMPLE,0,1985,ASIA,1
2020-01-01,8PM,,,,COLLISION,,,028,55.0,340.0,SIMPLE,0,1996,QATAR,1
2020-01-01,8PM,,,INTERNAL,COLLISION,,,001,60.0,200.0,SIMPLE,0,1994,ARABI,1
2020-01-01,8PM,,,INTERNAL,,COLLISION WITH ONE OR MORE VEHICLES,,009,12.0,360.0,,0,0,,1
2020-01-01,8PM,,,INTERNAL,COLLISION,,,009,40.0,250.0,SIMPLE,0,1990,ASIA,1
2020-01-01,8PM,,,INTERNAL,COLLISION,COLLISION WITH ONE OR MORE VEHICLES,,009,55.0,340.0,SIMPLE,0,1992,ASIA,1
2020-01-01,8PM,,,INTERNAL,COLLISION,,,009,81.0,33.0,SIMPLE,0,1969,ASIA,1
2020-01-01,8PM,,,,COLLISION,,,001,53.0,-1.0,SIMPLE,0,1995,QATAR,1
2020-01-01,8PM,,,INTERNAL,COLLISION,,,001,91.0,281.0,SIMPLE,0,1983,ARABI,1
2020-01-01,8PM,,,,COLLISION,,,001,53.0,989.0,SIMPLE,0,1999,ARABI,1
2020-01-01,8PM,,,,COLLISION,,,005,90.0,-1.0,SIMPLE,0,1992,ASIA,1
2020-01-01,8PM,,,,COLLISION,,,009,53.0,1370.0,SIMPLE,0,1976,ASIA,1
2020-01-01,8PM,,,INTERNAL,COLLISION,,,001,46.0,833.0,SIMPLE,0,1985,ASIA,1
2020-01-01,8PM,,,INTERNAL,COLLISION,COLLISION WITH ONE OR MORE VEHICLES,,009,56.0,2000.0,SIMPLE,0,1988,ASIA,1
2020-01-01,8PM,,,INTERNAL,COLLISION,COLLISION WITH ONE OR MORE VEHICLES,,001,15.0,950.0,SIMPLE,0,1995,ASIA,1
2020-01-01,8PM,,,INTERNAL,,COLLISION WITH ONE OR MORE VEHICLES,,001,66.0,140.0,,0,0,,1
2020-01-01,8PM,,,INTERNAL,COLLISION,,,029,70.0,410.0,SIMPLE,0,1986,ASIA,1
2020-01-01,8PM,,,,COLLISION,,OTHER,001,51.0,1696.0,SIMPLE,0,1985,ASIA,1
2020-01-01,8PM,,,INTERNAL,COLLISION,COLLISION WITH ONE OR MORE VEHICLES,,009,56.0,340.0,SIMPLE,0,1998,ASIA,1
2020-01-01,8PM,,,,COLLISION,,,005,90.0,661.0,SIMPLE,0,1995,ASIA,1
2020-01-01,8PM,,,,COLLISION,,,009,53.0,-1.0,SIMPLE,0,1967,ASIA,1
2020-01-01,8PM,,,INTERNAL,COLLISION,,,007,70.0,444.0,SIMPLE,0,1987,QATAR,1
2020-01-01,8PM,,,INTERNAL,,COLLISION WITH ONE OR MORE VEHICLES,,005,90.0,726.0,,0,0,,1
2020-01-01,8PM,,,,COLLISION,,,001,56.0,340.0,SIMPLE,0,1999,QATAR,1
2020-01-01,8PM,,,,COLLISION,,,002,74.0,12.0,SIMPLE,0,1996,ASIA,1
2020-01-01,8PM,,,INTERNAL,COLLISION,COLLISION WITH ONE OR MORE VEHICLES,,009,51.0,253.0,SIMPLE,0,1989,QATAR,1
2020-01-01,8PM,,,INTERNAL,COLLISION,,,001,22.0,987.0,SIMPLE,0,1981,ASIA,1
2020-01-01,8PM,,,,COLLISION,,,001,66.0,100.0,SIMPLE,0,1992,ARABI,1
2020-01-01,8PM,,,INTERNAL,COLLISION,,,001,37.0,232.0,SIMPLE,0,1994,ASIA,1
2020-01-01,8PM,,,INTERNAL,COLLISION,COLLISION WITH ONE OR MORE VEHICLES,,009,67.0,839.0,SIMPLE,0,1989,QATAR,1
2020-01-01,8PM,,,INTERNAL,COLLISION,COLLISION WITH FIXED OBJECT,,001,60.0,200.0,SIMPLE,0,1994,ARABI,1
2020-01-01,8PM,,,INTERNAL,COLLISION,,,029,70.0,3220.0,SIMPLE,0,1978,ARABI,1
2020-01-01,8PM,,,INTERNAL,COLLISION,,,009,52.0,350.0,SIMPLE,0,1971,QATAR,1
2020-01-01,8PM,,,INTERNAL,COLLISION,COLLISION WITH ONE OR MORE VEHICLES,,009,58.0,436.0,SIMPLE,0,1998,ASIA,1
2020-01-01,8PM,,,,COLLISION,,,001,56.0,646.0,SIMPLE,0,1977,ASIA,1
2020-01-01,8PM,,,INTERNAL,COLLISION,,,009,82.0,1800.0,SIMPLE,0,2000,NORTH,1
2020-01-01,8PM,,,,COLLISION,,,001,31.0,876.0,SIMPLE,0,1995,ARABI,1
2020-01-01,8PM,,,INTERNAL,COLLISION,,,009,52.0,851.0,SIMPLE,0,1975,QATAR,1
2020-01-01,8PM,,,,COLLISION,,,009,53.0,373.0,SIMPLE,0,1981,ASIA,1
2020-01-01,8PM,,,,COLLISION,,,001,24.0,230.0,SIMPLE,0,1988,ASIA,1
2020-01-01,8PM,,,INTERNAL,,COLLISION WITH ONE OR MORE VEHICLES,,005,90.0,313.0,,0,0,,1
2020-01-01,8PM,,,,COLLISION,,,021,70.0,-1.0,SIMPLE,0,1982,ARABI,1
2020-01-01,8PM,,,,COLLISION,,,001,25.0,330.0,SIMPLE,0,1983,ASIA,1
2020-01-01,8PM,,,INTERNAL,COLLISION,,,009,57.0,100.0,SIMPLE,0,1986,ASIA,1
2020-01-01,8PM,,,INTERNAL,COLLISION,,,001,48.0,310.0,SIMPLE,0,1991,ASIA,1
2020-01-01,8PM,,,,COLLISION,,,001,21.0,232.0,SIMPLE,0,2001,QATAR,1
2020-01-01,8PM,,,INTERNAL,COLLISION,,,001,54.0,-1.0,SIMPLE,0,1990,ARABI,1
2020-01-01,8PM,,,,COLLISION,COLLISION WITH FIXED OBJECT,,009,71.0,99.0,SIMPLE,0,1976,ARABI,1
2020-01-01,8PM,,,,COLLISION,,,001,45.0,750.0,SIMPLE,0,1975,ASIA,1
2020-01-01,8PM,,,,COLLISION,,,001,55.0,75.0,SIMPLE,0,2001,ASIA,1
2020-01-01,8PM,,,,COLLISION,,,001,55.0,251.0,LIGHT INJURY,0,1987,ASIA,1
2020-01-01,8PM,,,INTERNAL,COLLISION,,,002,75.0,-1.0,SIMPLE,0,1972,ARABI,1
2020-01-01,8PM,,,INTERNAL,COLLISION,,,001,61.0,-1.0,SIMPLE,0,1982,ARABI,1
2020-01-01,8PM,,,INTERNAL,COLLISION,,,001,34.0,986.0,SIMPLE,0,1978,ARABI,1
2020-01-01,8PM,,,INTERNAL,,NON COLLISION ACCIDENT (OVERTURN/FALLING),,001,32.0,861.0,,0,0,,1
2020-01-01,8PM,,,,COLLISION,,,005,90.0,-1.0,SIMPLE,0,1976,ARABI,1
2020-01-01,8PM,,,,COLLISION,,,008,70.0,1102.0,SIMPLE,0,1994,ASIA,1
2020-01-01,8PM,,,,COLLISION,,,007,71.0,436.0,SIMPLE,0,2000,ARABI,1
2020-01-01,8PM,,,INTERNAL,COLLISION,,,001,27.0,894.0,SIMPLE,0,1993,ASIA,1
2020-01-01,8PM,,,,COLLISION,,,001,39.0,-1.0,SIMPLE,0,1996,AFRIC,1
2020-01-01,8PM,,,INTERNAL,COLLISION,,,009,52.0,371.0,SIMPLE,0,2000,ARABI,1
2020-01-01,8PM,,,INTERNAL,COLLISION,,,002,74.0,212.0,SIMPLE,0,1984,ASIA,1
2020-01-01,8PM,,,,COLLISION,COLLISION WITH FIXED OBJECT,,001,16.0,840.0,SIMPLE,0,1985,ASIA,1
2020-01-01,8PM,,,INTERNAL,COLLISION,,,002,74.0,770.0,SIMPLE,0,1980,ARABI,1
2020-01-01,8PM,,,,COLLISION,,,001,56.0,300.0,SIMPLE,0,1972,ASIA,1
2020-01-01,8PM,,,INTERNAL,COLLISION,,,009,71.0,15.0,SIMPLE,0,1993,QATAR,1
2020-01-01,8PM,,,,COLLISION,COLLISION WITH FIXED OBJECT,,005,91.0,-1.0,SIMPLE,0,1980,ARABI,1
2020-01-01,8PM,,,INTERNAL,COLLISION,,,001,55.0,-1.0,SIMPLE,0,1978,ARABI,2
2020-01-01,8PM,,,INTERNAL,COLLISION,,,001,1.0,950.0,SIMPLE,0,1991,ASIA,1
2020-01-01,8PM,,,INTERNAL,COLLISION,,,028,57.0,125.0,SIMPLE,0,1990,AFRIC,1
2020-01-01,8PM,,,,COLLISION,,,001,51.0,253.0,SIMPLE,0,1989,ARABI,1
2020-01-01,8PM,,,INTERNAL,COLLISION,,,009,38.0,150.0,SIMPLE,0,1986,ARABI,1
2020-01-01,8PM,,,INTERNAL,COLLISION,,,001,24.0,230.0,SIMPLE,0,1977,ASIA,1
2020-01-01,8PM,,,,COLLISION,INVERSION,OTHER,027,91.0,1550.0,LIGHT INJURY,0,2002,QATAR,1
2020-01-01,8PM,,,INTERNAL,COLLISION,COLLISION WITH FIXED OBJECT,,005,90.0,-1.0,SIMPLE,0,1967,ASIA,1
2020-01-01,8PM,,,,COLLISION,,,001,14.0,920.0,SIMPLE,0,1994,ASIA,1
2020-01-01,8PM,,,INTERNAL,COLLISION,,,001,45.0,250.0,SIMPLE,0,1984,ASIA,1
2020-01-01,8PM,,,INTERNAL,COLLISION,,,009,56.0,340.0,SIMPLE,0,1985,ARABI,2
2020-01-01,8PM,,,,COLLISION,,,001,56.0,310.0,SIMPLE,0,1980,QATAR,1
2020-01-01,8PM,,,,COLLISION,,,002,74.0,211.0,LIGHT INJURY,0,1967,ARABI,1
2020-01-01,8PM,,,INTERNAL,COLLISION,,,005,90.0,676.0,SIMPLE,0,1979,ARABI,1
2020-01-01,8PM,,,INTERNAL,COLLISION,,,009,53.0,473.0,SIMPLE,0,1987,ARABI,2
2020-01-01,8PM,,,INTERNAL,COLLISION,,,009,55.0,491.0,SIMPLE,0,1992,QATAR,1
2020-01-01,8PM,,,INTERNAL,COLLISION,,,009,52.0,640.0,SIMPLE,0,1992,ARABI,1
2020-01-01,8PM,,,INTERNAL,COLLISION,,,001,43.0,716.0,SIMPLE,0,1982,ARABI,1
2020-01-01,8PM,,,,COLLISION,,,001,42.0,980.0,SIMPLE,0,1981,ASIA,1
2020-01-01,8PM,,,INTERNAL,COLLISION,,,001,45.0,310.0,SIMPLE,0,1991,QATAR,1
2020-01-01,8PM,,,,COLLISION,,,001,45.0,320.0,SIMPLE,0,1982,AFRIC,1
2020-01-01,8PM,,,INTERNAL,COLLISION,,,001,45.0,840.0,SIMPLE,0,1986,ASIA,1
2020-01-01,8PM,,,,COUP,INVERSION,,009,51.0,950.0,SIMPLE,0,1998,ASIA,1
2020-01-01,8PM,,,INTERNAL,COLLISION,,,009,53.0,740.0,SIMPLE,0,1989,ASIA,1
2020-01-01,8PM,,,INTERNAL,COLLISION,COLLISION WITH FIXED OBJECT,,029,70.0,1707.0,SIMPLE,0,1969,ASIA,1
2020-01-01,8PM,,,,COLLISION,,,001,24.0,950.0,SIMPLE,0,1969,ASIA,1
2020-01-01,8PM,,,,COLLISION,COLLISION WITH FIXED OBJECT,,001,30.0,-1.0,SIMPLE,0,2001,ARABI,1
2020-01-01,8PM,,,,COLLISION,,,008,71.0,-1.0,SIMPLE,0,1993,QATAR,1
2020-01-01,8PM,,,INTERNAL,COLLISION,COLLISION WITH FIXED OBJECT,,027,91.0,943.0,SIMPLE,0,1998,QATAR,1
2020-01-01,8PM,,,INTERNAL,COLLISION,,,009,56.0,440.0,SIMPLE,0,1962,ASIA,1
2020-01-01,8PM,,,,COLLISION,,,001,43.0,281.0,SIMPLE,0,1991,ARABI,1
2020-01-01,8PM,,,,COUP,INVERSION,,001,58.0,995.0,LIGHT INJURY,0,1985,ASIA,1
2020-01-01,8PM,,,,COLLISION,,,009,53.0,989.0,SIMPLE,0,0,,1
2020-01-01,8PM,,,INTERNAL,COLLISION,,,009,53.0,350.0,SIMPLE,0,1994,ARABI,2
2020-01-01,8PM,,,,COLLISION,,,001,45.0,310.0,SIMPLE,0,1,,1
2020-01-01,8PM,,,,COLLISION,,,001,56.0,633.0,SIMPLE,0,1984,ASIA,1
2020-01-01,8PM,,,,COLLISION,,,001,51.0,886.0,SIMPLE,0,1974,ARABI,1
2020-01-01,8PM,,,INTERNAL,COLLISION,,,009,53.0,670.0,SIMPLE,0,1969,QATAR,1
2020-01-01,8PM,,,,COLLISION,,,001,70.0,235.0,SIMPLE,0,1986,AFRIC,1
2020-01-01,8PM,,,,COLLISION,,,001,55.0,363.0,SIMPLE,0,1988,QATAR,1
2020-01-01,8PM,,,INTERNAL,COLLISION,,,009,53.0,553.0,SIMPLE,0,1999,ASIA,1
2020-01-01,8PM,,,INTERNAL,COLLISION,,,001,45.0,-1.0,SIMPLE,0,1973,ASIA,1
2020-01-01,8PM,,,,COLLISION,COLLISION WITH FIXED OBJECT,,001,53.0,650.0,SIMPLE,0,1990,ARABI,1
2020-01-01,8PM,,,INTERNAL,COLLISION,,,001,12.0,-1.0,SIMPLE,0,1994,ARABI,1
2020-01-01,8PM,,,INTERNAL,COLLISION,,,009,55.0,480.0,SIMPLE,0,1999,QATAR,1
2020-01-01,8PM,,,,COLLISION,,,001,38.0,960.0,SIMPLE,0,1991,ARABI,1
2020-01-01,8PM,,,,COLLISION,,,010,80.0,-1.0,SIMPLE,0,1982,ASIA,1
2020-01-01,8PM,,,,COLLISION,,,001,40.0,340.0,SIMPLE,0,1995,ARABI,1
2020-01-01,8PM,,,INTERNAL,COLLISION,,,001,61.0,850.0,SIMPLE,0,1999,ASIA,1
2020-01-01,8PM,,,,COLLISION,COLLISION WITH FIXED OBJECT,,001,39.0,251.0,SIMPLE,0,1968,ASIA,1
2020-01-01,8PM,,,,COLLISION,,,007,71.0,504.0,SIMPLE,0,1983,QATAR,1
2020-01-01,8PM,,,INTERNAL,COLLISION,,,007,71.0,837.0,SIMPLE,0,1989,ARABI,1
2020-01-01,8PM,,,,COLLISION,,,001,40.0,340.0,SIMPLE,0,1990,ARABI,1
2020-01-01,8PM,,,INTERNAL,COLLISION,COLLISION WITH FIXED OBJECT,,001,23.0,-1.0,SIMPLE,0,1981,ASIA,1
2020-01-01,8PM,,,INTERNAL,COLLISION,,,001,42.0,938.0,SIMPLE,0,1984,ASIA,1
2020-01-01,8PM,,,,COLLISION,,,001,68.0,991.0,SIMPLE,0,1969,ARABI,1
2020-01-01,8PM,,,INTERNAL,COUP,INVERSION,,004,86.0,-1.0,LIGHT INJURY,0,2002,ARABI,1
2020-01-01,8PM,,,INTERNAL,COLLISION,,,002,74.0,658.0,SIMPLE,0,1982,QATAR,1
2020-01-01,8PM,,,INTERNAL,COLLISION,,,009,53.0,990.0,SIMPLE,0,1989,ARABI,1
2020-01-01,8PM,,,,COLLISION,COLLISION WITH FIXED OBJECT,,005,90.0,311.0,LIGHT INJURY,0,1966,QATAR,1
2020-01-01,8PM,,,,COLLISION,COLLISION WITH FIXED OBJECT,,001,3.0,820.0,SIMPLE,0,1992,QATAR,1
2020-01-01,8PM,,,,,,,001,53.0,-1.0,SIMPLE,0,1996,ARABI,1
2020-01-01,8PM,,,,COLLISION,,,009,52.0,350.0,SIMPLE,0,1967,ASIA,1
2020-01-01,8PM,,,,COLLISION,,,027,91.0,922.0,SIMPLE,0,1980,ARABI,1
2020-01-01,8PM,,,,COLLISION,,,001,6.0,930.0,SIMPLE,0,1984,ASIA,1
2020-01-01,8PM,,,INTERNAL,COLLISION,,,009,56.0,340.0,SIMPLE,0,1977,ASIA,1
2020-01-01,8PM,,,INTERNAL,COLLISION,,,001,65.0,222.0,SIMPLE,0,1992,SOUTH,1
2020-01-01,8PM,,,INTERNAL,COLLISION,,,009,55.0,363.0,SIMPLE,0,1992,ARABI,1
2020-01-01,8PM,,,INTERNAL,,NON COLLISION ACCIDENT (OVERTURN/FALLING),,001,55.0,,,0,0,,1
2020-01-01,8PM,,,INTERNAL,COLLISION,,,001,39.0,820.0,SIMPLE,0,1972,ASIA,1
2020-01-01,8PM,,,INTERNAL,,COLLISION WITH ONE OR MORE VEHICLES,,001,31.0,949.0,,0,0,,2
2020-01-01,8PM,,,,COLLISION,,,001,66.0,223.0,SIMPLE,0,1988,QATAR,2
2020-01-01,8PM,,,,COLLISION,COLLISION WITH FIXED OBJECT,,001,61.0,-1.0,SIMPLE,0,1989,AFRIC,1
2020-01-01,8PM,,,EXTERNAL,COLLISION,,,001,61.0,801.0,SIMPLE,0,1987,QATAR,1
2020-01-01,8PM,,,INTERNAL,COLLISION,,,001,52.0,252.0,SIMPLE,0,1980,ARABI,1
2020-01-01,8PM,,,,COLLISION,,,010,80.0,907.0,SIMPLE,0,1980,ARABI,1
2020-01-01,8PM,,,INTERNAL,COLLISION,,,009,53.0,280.0,SIMPLE,0,1991,ASIA,1
2020-01-01,8PM,,,,COLLISION,,,001,53.0,652.0,SIMPLE,0,1980,GULF,1
2020-01-01,8PM,,,INTERNAL,COLLISION,,,009,13.0,339.0,SIMPLE,0,1997,ASIA,1
2020-01-01,8PM,,,,COLLISION,,,007,71.0,-1.0,SIMPLE,0,1963,NORTH,1
2020-01-01,8PM,,,,COLLISION,COLLISION WITH FIXED OBJECT,,001,51.0,-1.0,SIMPLE,0,1989,ASIA,1
2020-01-01,8PM,,,INTERNAL,COLLISION,,,005,90.0,-1.0,SIMPLE,0,1,,1
2020-01-01,8PM,,,,COLLISION,,,001,7.0,-1.0,SIMPLE,0,1999,QATAR,1
2020-01-01,8PM,,,INTERNAL,COLLISION,,,009,63.0,872.0,SIMPLE,0,1988,ARABI,1
2020-01-01,8PM,,,INTERNAL,COLLISION,,,001,18.0,137.0,SIMPLE,0,1978,ASIA,1
2020-01-01,8PM,,,,COUP,INVERSION,,015,83.0,-1.0,LIGHT INJURY,0,1995,ASIA,1
2020-01-01,8PM,,,,COLLISION,,,001,31.0,-1.0,SIMPLE,0,2001,ASIA,1
2020-01-01,8PM,,,INTERNAL,COLLISION,,,001,61.0,832.0,SIMPLE,0,1980,ASIA,1
2020-01-01,8PM,,,INTERNAL,COLLISION,,,028,57.0,15.0,SIMPLE,0,1977,ASIA,1
2020-01-01,8PM,,,INTERNAL,COLLISION,,,001,42.0,932.0,SIMPLE,0,1979,ASIA,1
2020-01-01,8PM,,,,COLLISION,,,001,55.0,120.0,SIMPLE,0,1988,ASIA,1
2020-01-01,8PM,,,INTERNAL,COLLISION,,,001,56.0,300.0,SIMPLE,0,1991,ASIA,1
2020-01-01,8PM,,,INTERNAL,COLLISION,COLLISION WITH ONE OR MORE VEHICLES,,001,47.0,260.0,SIMPLE,0,1972,ASIA,1
2020-01-01,8PM,,,INTERNAL,COLLISION,,,009,56.0,340.0,SIMPLE,0,1987,ASIA,1
2020-01-01,8PM,,,INTERNAL,COLLISION,COLLISION WITH ONE OR MORE VEHICLES,,009,56.0,340.0,SIMPLE,0,1992,ARABI,1
2020-01-01,8PM,,,INTERNAL,COLLISION,,,001,41.0,250.0,SIMPLE,0,1984,ASIA,1
2020-01-01,8PM,,,INTERNAL,COLLISION,,,020,79.0,-1.0,SIMPLE,0,2002,QATAR,1
2020-01-01,8PM,,,INTERNAL,COLLISION,,,009,53.0,692.0,SIMPLE,0,1994,ARABI,1
2020-01-01,8PM,,,INTERNAL,,COLLISION WITH ONE OR MORE VEHICLES,,001,62.0,213.0,,0,0,,1
2020-01-01,8PM,,,,COLLISION,,,001,39.0,840.0,SIMPLE,0,1986,ARABI,1
2020-01-01,8PM,,,,COLLISION,,,009,52.0,371.0,SIMPLE,0,1993,ARABI,1
2020-01-01,8PM,,,,COLLISION,,,009,55.0,280.0,SIMPLE,0,1992,ARABI,1
2020-01-01,8PM,,,,COLLISION,,,028,57.0,100.0,SIMPLE,0,1989,ASIA,1
2020-01-01,8PM,,,INTERNAL,COLLISION,,,009,56.0,412.0,SIMPLE,0,1983,ARABI,1
2020-01-01,8PM,,,INTERNAL,,NON COLLISION ACCIDENT (OVERTURN/FALLING),,001,45.0,840.0,,0,0,,1
2020-01-01,8PM,,,INTERNAL,COLLISION,COLLISION WITH ONE OR MORE VEHICLES,,009,55.0,1001.0,SIMPLE,0,1984,ASIA,1
2020-01-01,8PM,,,INTERNAL,COLLISION,,OTHER,001,32.0,245.0,SIMPLE,0,1988,ASIA,1
2020-01-01,8PM,,,INTERNAL,COLLISION,COLLISION WITH ONE OR MORE VEHICLES,,009,56.0,995.0,SIMPLE,0,1982,ARABI,1
2020-01-01,8PM,,,,COLLISION,,,028,56.0,94.0,SIMPLE,0,1991,QATAR,1
2020-01-01,8PM,,,,COLLISION,,,001,37.0,920.0,SIMPLE,0,1984,AFRIC,1
2020-01-01,8PM,,,,COLLISION,COLLISION WITH FIXED OBJECT,,004,72.0,-1.0,SIMPLE,0,1997,ASIA,1
2020-01-01,8PM,,,INTERNAL,COLLISION,COLLISION WITH ONE OR MORE VEHICLES,,009,53.0,989.0,SIMPLE,0,1983,QATAR,1
2020-01-01,8PM,,,,COLLISION,COLLISION WITH FIXED OBJECT,,001,56.0,518.0,SIMPLE,0,1978,ASIA,1
2020-01-01,8PM,,,,COLLISION,,,005,90.0,881.0,SIMPLE,0,1988,ARABI,1
2020-01-01,8PM,,,INTERNAL,COLLISION,,,001,34.0,-1.0,SIMPLE,0,1982,ARABI,1
2020-01-01,8PM,,,,COLLISION,,,009,55.0,-1.0,SIMPLE,0,1995,QATAR,1
2020-01-01,8PM,,,INTERNAL,COLLISION,,,007,71.0,-1.0,SIMPLE,0,1995,ASIA,1
2020-01-01,8PM,,,,COLLISION,,,001,40.0,-1.0,SIMPLE,0,1954,QATAR,1
2020-01-01,8PM,,,INTERNAL,COLLISION,,,027,91.0,742.0,SIMPLE,0,2000,QATAR,1
2020-01-01,8PM,,,INTERNAL,COLLISION,,,005,90.0,201.0,SIMPLE,0,1995,ASIA,1
2020-01-01,8PM,,,INTERNAL,COLLISION,COLLISION WITH ONE OR MORE VEHICLES,,009,52.0,350.0,SIMPLE,0,1982,ASIA,1
2020-01-01,8PM,,,INTERNAL,COLLISION,,,001,23.0,340.0,SIMPLE,0,1997,ASIA,1
2020-01-01,8PM,,,INTERNAL,,CLAIM CONVERTED TO ACCIDENT,,001,27.0,-1.0,,0,0,,1
2020-01-01,8PM,,,INTERNAL,COLLISION,,,001,26.0,830.0,SIMPLE,0,1989,ASIA,1
2020-01-01,8PM,,,INTERNAL,COLLISION,,,001,43.0,875.0,SIMPLE,0,2000,ASIA,1
2020-01-01,8PM,,,,COLLISION,,,001,30.0,-1.0,SIMPLE,0,1974,ARABI,1
2020-01-01,8PM,,,INTERNAL,COLLISION,,,001,16.0,918.0,SIMPLE,0,1997,ASIA,1
2020-01-01,8PM,,,INTERNAL,COLLISION,,,001,69.0,344.0,SIMPLE,0,1979,ARABI,1
2020-01-01,8PM,,,,COLLISION,,,001,51.0,-1.0,SIMPLE,0,1988,QATAR,2
2020-01-01,8PM,,,,COLLISION,COLLISION WITH FIXED OBJECT,,001,45.0,829.0,SIMPLE,0,1989,ARABI,1
2020-01-01,8PM,,,INTERNAL,COLLISION,,,005,90.0,720.0,SIMPLE,0,1989,ARABI,2
2020-01-01,8PM,,,,COLLISION,,,001,34.0,-1.0,SIMPLE,0,1979,ARABI,1
2020-01-01,8PM,,,INTERNAL,COLLISION,,,005,91.0,-1.0,SIMPLE,0,1965,ASIA,1
2020-01-01,8PM,,,INTERNAL,COLLISION,,,009,30.0,846.0,SIMPLE,0,1983,QATAR,1
2020-01-01,8PM,,,,COLLISION,,,001,56.0,340.0,SIMPLE,0,1959,ASIA,1
2020-01-01,8PM,,,,COLLISION,,,001,60.0,200.0,SIMPLE,0,1997,QATAR,1
2020-01-01,8PM,,,INTERNAL,COLLISION,,,007,71.0,703.0,SIMPLE,0,1992,ASIA,1
2020-01-01,8PM,,,,COLLISION,,,027,91.0,95.0,SIMPLE,0,1987,ARABI,1
2020-01-01,8PM,,,INTERNAL,COLLISION,,,001,47.0,949.0,LIGHT INJURY,0,1983,ASIA,1
2020-01-01,8PM,,,,COLLISION,,,001,66.0,223.0,SIMPLE,0,1994,QATAR,1
2020-01-01,8PM,,,,COLLISION,,,001,22.0,987.0,SIMPLE,0,1990,ARABI,1
2020-01-01,8PM,,,,COLLISION,,,001,23.0,340.0,SIMPLE,0,1956,ASIA,1
2020-01-01,8PM,,,,COLLISION,,,009,54.0,-1.0,SIMPLE,0,1988,ARABI,1
2020-01-01,8PM,,,,COLLISION,,,001,30.0,-1.0,SIMPLE,0,1993,QATAR,1
2020-01-01,8PM,,,INTERNAL,COLLISION,,,001,52.0,656.0,SIMPLE,0,1993,QATAR,1
2020-01-01,8PM,,,INTERNAL,COLLISION,COLLISION WITH ONE OR MORE VEHICLES,,009,56.0,503.0,SIMPLE,0,1987,ARABI,1
2020-01-01,8PM,,,,COLLISION,COLLISION WITH FIXED OBJECT,,027,91.0,-1.0,SIMPLE,0,1999,QATAR,1
2020-01-01,8PM,,,,COLLISION,COLLISION WITH ANIMAL,,010,80.0,373.0,SIMPLE,0,1978,ASIA,1
2020-01-01,8PM,,,INTERNAL,COLLISION,,,001,5.0,130.0,SIMPLE,0,1990,ARABI,1
2020-01-01,8PM,,,,COLLISION,COLLISION WITH FIXED OBJECT,,003,92.0,-1.0,SIMPLE,0,1971,QATAR,1
2020-01-01,8PM,,,INTERNAL,COLLISION,,,001,25.0,320.0,SIMPLE,0,1979,AFRIC,1
2020-01-01,8PM,,,INTERNAL,COLLISION,,,009,56.0,480.0,SIMPLE,0,1974,ASIA,1
2020-01-01,8PM,,,,COLLISION,COLLISION WITH FIXED OBJECT,,009,51.0,-1.0,SIMPLE,0,1986,ASIA,1
2020-01-01,8PM,,,,COLLISION,,,009,53.0,1340.0,SIMPLE,0,1962,ASIA,1
2020-01-01,8PM,,,,COLLISION,,,001,55.0,-1.0,SIMPLE,0,1978,ASIA,1
2020-01-01,8PM,,,INTERNAL,COLLISION,,,009,55.0,268.0,SIMPLE,0,1999,QATAR,1
2020-01-01,8PM,,,,COLLISION,,,002,74.0,796.0,SIMPLE,0,1987,ARABI,1
2020-01-01,8PM,,,INTERNAL,COLLISION,,,028,57.0,33.0,SIMPLE,0,1987,ASIA,1
2020-01-01,8PM,,,,COLLISION,,,001,14.0,920.0,SIMPLE,0,1,,1
2020-01-01,8PM,,,,COLLISION,,,007,69.0,-1.0,SIMPLE,0,1988,QATAR,1
2020-01-01,8PM,,,INTERNAL,COLLISION,,,001,22.0,950.0,SIMPLE,0,1987,ASIA,1
2020-01-01,8PM,,,INTERNAL,COLLISION,,,001,25.0,962.0,SIMPLE,0,1988,ASIA,1
2020-01-01,8PM,,,INTERNAL,COLLISION,,,001,35.0,873.0,SIMPLE,0,1992,QATAR,1
2020-01-01,8PM,,,INTERNAL,COLLISION,,,001,19.0,-1.0,SIMPLE,0,1996,ASIA,1
2020-01-01,8PM,,,,COLLISION,,,001,56.0,340.0,SIMPLE,0,1995,QATAR,1
2020-01-01,8PM,,,INTERNAL,COUP,,,001,30.0,850.0,LIGHT INJURY,0,1999,ASIA,1
2020-01-01,8PM,,,,COLLISION,,,001,69.0,305.0,SIMPLE,0,2001,ARABI,1
2020-01-01,8PM,,,,COLLISION,,,001,25.0,230.0,SIMPLE,0,1979,ASIA,1
2020-01-01,8PM,,,INTERNAL,COLLISION,,,009,25.0,330.0,SIMPLE,0,1987,ASIA,1
2020-01-01,8PM,,,,COLLISION,,,015,82.0,-1.0,SIMPLE,0,1981,ASIA,1
2020-01-01,8PM,,,INTERNAL,,COLLISION WITH ONE OR MORE VEHICLES,,009,42.0,-1.0,,0,0,,1
2020-01-01,8PM,,,,COLLISION,,,007,71.0,760.0,SIMPLE,0,2001,QATAR,1
2020-01-01,8PM,,,,COLLISION,,,001,66.0,-1.0,SIMPLE,0,1948,ARABI,1
2020-01-01,8PM,,,,COLLISION,,,001,51.0,609.0,SIMPLE,0,1984,QATAR,1
2020-01-01,8PM,,,INTERNAL,COLLISION,,,001,35.0,960.0,SIMPLE,0,2000,ARABI,1
2020-01-01,8PM,,,,COLLISION,,,001,55.0,251.0,SIMPLE,0,1985,ASIA,1
2020-01-01,8PM,,,,COLLISION,COLLISION WITH FIXED OBJECT,,008,71.0,1850.0,SIMPLE,0,1997,ARABI,1
2020-01-01,8PM,,,,COLLISION,COLLISION WITH FIXED OBJECT,,005,91.0,-1.0,SIMPLE,0,1981,ARABI,1
2020-01-01,8PM,,,,COLLISION,,,020,79.0,-1.0,LIGHT INJURY,0,1997,QATAR,1
2020-01-01,8PM,,,,COLLISION,,,001,55.0,170.0,SIMPLE,0,1989,ASIA,1
2020-01-01,8PM,,,EXTERNAL,COLLISION,,,001,52.0,-1.0,SIMPLE,0,1978,QATAR,1
2020-01-01,8PM,,,,COLLISION,,,001,32.0,950.0,SIMPLE,0,1989,QATAR,1
2020-01-01,8PM,,,INTERNAL,COLLISION,,,001,44.0,980.0,SIMPLE,0,1977,ASIA,1
2020-01-01,8PM,,,INTERNAL,COLLISION,,,001,56.0,132.0,SIMPLE,0,1967,ASIA,1
2020-01-01,8PM,,,INTERNAL,COLLISION,,,005,90.0,720.0,SIMPLE,0,1991,ARABI,1
2020-01-01,8PM,,,INTERNAL,COLLISION,COLLISION WITH FIXED OBJECT,,002,74.0,1850.0,SIMPLE,0,1983,EUROP,1
2020-01-01,8PM,,,EXTERNAL,COLLISION,,,001,33.0,370.0,SIMPLE,0,1992,ASIA,1
2020-01-01,8PM,,,INTERNAL,COLLISION,,,001,45.0,840.0,SIMPLE,0,1999,ASIA,1
2020-01-01,8PM,,,INTERNAL,COLLISION,,,001,47.0,883.0,SIMPLE,0,1974,ASIA,1
2020-01-01,8PM,,,,COLLISION,,,009,53.0,790.0,SIMPLE,0,1996,QATAR,1
2020-01-01,8PM,,,INTERNAL,COLLISION,,,009,55.0,251.0,SIMPLE,0,1996,QATAR,1
2020-01-01,8PM,,,INTERNAL,COLLISION,COLLISION WITH ONE OR MORE VEHICLES,,001,23.0,935.0,SIMPLE,0,1978,ASIA,1
2020-01-01,8PM,,,,COLLISION,,,008,71.0,1850.0,SIMPLE,0,1983,ASIA,1
2020-01-01,8PM,,,INTERNAL,COLLISION,,,027,91.0,299.0,SIMPLE,0,1979,ASIA,1
2020-01-01,8PM,,,,COLLISION,,,009,53.0,790.0,SIMPLE,0,1993,GULF,1
2020-01-01,8PM,,,,COLLISION,,,001,31.0,253.0,SIMPLE,0,2001,QATAR,1
2020-01-01,8PM,,,,COLLISION,,,001,56.0,340.0,SIMPLE,0,1972,ASIA,2
2020-01-01,8PM,,,INTERNAL,,COLLISION WITH ONE OR MORE VEHICLES,,001,43.0,281.0,,0,0,,1
2020-01-01,8PM,,,,COLLISION,,,001,55.0,980.0,SIMPLE,0,1965,ASIA,1
2020-01-01,8PM,,,,COLLISION,COLLISION WITH FIXED OBJECT,,001,66.0,-1.0,SIMPLE,0,1982,QATAR,2
2020-01-01,8PM,,,INTERNAL,COLLISION,COLLISION WITH FIXED OBJECT,,001,24.0,-1.0,SIMPLE,0,1981,ARABI,1
2020-01-01,8PM,,,,COLLISION,COLLISION WITH FIXED OBJECT,,001,53.0,790.0,SIMPLE,0,1995,ARABI,1
2020-01-01,8PM,,,,COLLISION,,,001,4.0,-1.0,SIMPLE,0,1980,ASIA,1
2020-01-01,8PM,,,INTERNAL,COLLISION,,,028,57.0,41.0,SIMPLE,0,1949,ARABI,1
2020-01-01,8PM,,,INTERNAL,COLLISION,,,001,39.0,825.0,SIMPLE,0,1961,ARABI,1
2020-01-01,8PM,,,INTERNAL,COLLISION,,,001,58.0,435.0,SIMPLE,0,1979,ASIA,1
2020-01-01,8PM,,,INTERNAL,COLLISION,,,009,52.0,745.0,SIMPLE,0,1992,ASIA,1
2020-01-01,8PM,,,INTERNAL,COLLISION,,,005,91.0,-1.0,SIMPLE,0,1980,ASIA,1
2020-01-01,8PM,,,,COLLISION,,,009,52.0,350.0,SIMPLE,0,1978,ASIA,1
2020-01-01,8PM,,,INTERNAL,COLLISION,,,001,42.0,310.0,SIMPLE,0,1999,ARABI,1
2020-01-01,8PM,,,,COLLISION,,,001,16.0,210.0,SIMPLE,0,1990,ARABI,1
2020-01-01,8PM,,,,COLLISION,,,001,55.0,-1.0,SIMPLE,0,1994,QATAR,1
2020-01-01,8PM,,,INTERNAL,RUN OVER,COLLISION WITH PEDESTRIANS,,002,74.0,-1.0,LIGHT INJURY,0,1974,ASIA,1
2020-01-01,8PM,,,INTERNAL,COLLISION,,,009,56.0,125.0,SIMPLE,0,1996,QATAR,1
2020-01-01,8PM,,,INTERNAL,COLLISION,,,001,55.0,185.0,SIMPLE,0,1993,ASIA,1
2020-01-01,8PM,,,,COLLISION,,,001,51.0,-1.0,SIMPLE,0,1950,GULF,1
2020-01-01,8PM,,,INTERNAL,COLLISION,,,001,31.0,881.0,SIMPLE,0,1995,QATAR,1
2020-01-01,8PM,,,INTERNAL,COLLISION,,,001,50.0,2000.0,SIMPLE,0,1966,ARABI,1
2020-01-01,8PM,,,,COLLISION,COLLISION WITH FIXED OBJECT,OTHER,009,52.0,961.0,LIGHT INJURY,0,1983,QATAR,1
2020-01-01,8PM,,,INTERNAL,COLLISION,,,001,45.0,892.0,SIMPLE,0,1972,ASIA,1
2020-01-01,8PM,,,INTERNAL,COLLISION,,,009,55.0,-1.0,SIMPLE,0,1996,QATAR,1
2020-01-01,8PM,,,INTERNAL,COLLISION,COLLISION WITH ONE OR MORE VEHICLES,,009,56.0,47.0,SIMPLE,0,1974,QATAR,1
2020-01-01,8PM,,,,COLLISION,,,001,26.0,950.0,SIMPLE,0,1945,QATAR,1
2020-01-01,8PM,,,INTERNAL,COLLISION,,,001,26.0,890.0,SIMPLE,0,1991,ARABI,1
2020-01-01,8PM,,,INTERNAL,COLLISION,COLLISION WITH FIXED OBJECT,,002,74.0,672.0,SIMPLE,0,1979,QATAR,1
2020-01-01,8PM,,,,COLLISION,,,001,27.0,310.0,SIMPLE,0,1980,ASIA,1
2020-01-01,8PM,,,INTERNAL,COLLISION,,,009,36.0,810.0,SIMPLE,0,1967,QATAR,1
2020-01-01,8PM,,,INTERNAL,COLLISION,,,009,56.0,137.0,SIMPLE,0,1974,ASIA,1
2020-01-01,8PM,,,INTERNAL,COLLISION,,,009,54.0,927.0,SIMPLE,0,1984,ASIA,1
2020-01-01,8PM,,,INTERNAL,COLLISION,COLLISION WITH FIXED OBJECT,,001,37.0,-1.0,SIMPLE,0,1979,ASIA,1
2020-01-01,8PM,,,INTERNAL,COLLISION,,,028,57.0,125.0,SIMPLE,0,1953,ASIA,1
2020-01-01,8PM,,,INTERNAL,COLLISION,,,009,91.0,202.0,SIMPLE,0,1993,ASIA,1
2020-01-01,8PM,,,INTERNAL,COLLISION,,,001,55.0,340.0,SIMPLE,0,1992,ASIA,2
2020-01-01,8PM,,,INTERNAL,COLLISION,,OTHER,009,55.0,280.0,SIMPLE,0,1988,QATAR,1
2020-01-01,8PM,,,,COLLISION,,,001,67.0,233.0,SIMPLE,0,1955,QATAR,1
2020-01-01,8PM,,,INTERNAL,COLLISION,COLLISION WITH PEDESTRIANS,,001,27.0,950.0,LIGHT INJURY,0,1983,ARABI,1
2020-01-01,8PM,,,INTERNAL,COLLISION,,,001,46.0,840.0,SIMPLE,0,1979,AUSTR,1
2020-01-01,8PM,,,INTERNAL,COLLISION,,,009,52.0,350.0,SIMPLE,0,1996,ASIA,1
2020-01-01,8PM,,,INTERNAL,COLLISION,,,001,37.0,851.0,SIMPLE,0,1965,QATAR,1
2020-01-01,8PM,,,INTERNAL,COLLISION,,,009,52.0,851.0,SIMPLE,0,1988,ARABI,1
2020-01-01,8PM,,,,COLLISION,,,028,55.0,340.0,SIMPLE,0,1987,AFRIC,1
2020-01-01,8PM,,,,COLLISION,,,001,6.0,-1.0,SIMPLE,0,1982,AFRIC,1
2020-01-01,8PM,,,,COLLISION,,,001,19.0,200.0,SIMPLE,0,1992,QATAR,1
2020-01-01,8PM,,,,COLLISION,,,001,54.0,670.0,SIMPLE,0,1978,ARABI,1
2020-01-01,8PM,,,,COLLISION,,,001,31.0,-1.0,SIMPLE,0,1991,QATAR,1
2020-01-01,8PM,,,INTERNAL,COUP,,,001,30.0,245.0,LIGHT INJURY,0,1983,ASIA,1
2020-01-01,8PM,,,INTERNAL,,COLLISION WITH ONE OR MORE VEHICLES,,001,63.0,850.0,,0,0,,1
2020-01-01,8PM,,,EXTERNAL,COLLISION,,,005,90.0,311.0,SIMPLE,0,1994,ARABI,1
2020-01-01,8PM,,,,COLLISION,,,001,26.0,230.0,SIMPLE,0,1969,ASIA,1
2020-01-01,8PM,,,INTERNAL,COLLISION,COLLISION WITH FIXED OBJECT,,001,27.0,895.0,SIMPLE,0,1995,ASIA,1
2020-01-01,8PM,,,INTERNAL,COLLISION,,,001,45.0,855.0,SIMPLE,0,1987,ASIA,1
2020-01-01,8PM,,,INTERNAL,COLLISION,,,001,45.0,892.0,SIMPLE,0,1993,ASIA,2
2020-01-01,8PM,,,,COLLISION,,,001,53.0,740.0,SIMPLE,0,1964,ARABI,1
2020-01-01,8PM,,,,COLLISION,,,001,40.0,250.0,SIMPLE,0,1988,QATAR,1
2020-01-01,8PM,,,INTERNAL,COLLISION,,,009,39.0,251.0,SIMPLE,0,1973,GULF,1
2020-01-01,8PM,,,INTERNAL,COLLISION,,,027,91.0,761.0,SIMPLE,0,1989,ASIA,1
2020-01-01,8PM,,,INTERNAL,COLLISION,,,009,56.0,728.0,SIMPLE,0,1986,ASIA,1
2020-01-01,8PM,,,,COLLISION,COLLISION WITH FIXED OBJECT,,005,90.0,-1.0,SIMPLE,0,1992,ARABI,1
2020-01-01,8PM,,,,COLLISION,,,001,30.0,245.0,SIMPLE,0,1996,QATAR,1
2020-01-01,8PM,,,INTERNAL,COLLISION,,,009,53.0,544.0,SIMPLE,0,1974,ARABI,1
2020-01-01,8PM,,,,COLLISION,,,007,30.0,253.0,SIMPLE,0,1988,ASIA,1
2020-01-01,8PM,,,,COUP,,,001,54.0,792.0,SIMPLE,0,1990,ASIA,1
2020-01-01,8PM,,,,COLLISION,,,001,55.0,340.0,SIMPLE,0,1996,ASIA,2
2020-01-01,8PM,,,INTERNAL,COLLISION,,,009,53.0,981.0,SIMPLE,0,1982,AFRIC,1
2020-01-01,8PM,,,,COLLISION,,,001,34.0,362.0,SIMPLE,0,1994,QATAR,2
2020-01-01,8PM,,,INTERNAL,COLLISION,,,001,43.0,340.0,SIMPLE,0,1974,QATAR,1
2020-01-01,8PM,,,INTERNAL,COLLISION,,,001,46.0,853.0,SIMPLE,0,2001,QATAR,1
2020-01-01,8PM,,,INTERNAL,COLLISION,,,001,23.0,920.0,SIMPLE,0,1985,QATAR,1
2020-01-01,8PM,,,,COLLISION,,,001,53.0,740.0,SIMPLE,0,1987,ASIA,1
2020-01-01,8PM,,,,COLLISION,COLLISION WITH FIXED OBJECT,,020,75.0,253.0,SIMPLE,0,1990,ASIA,1
2020-01-01,8PM,,,INTERNAL,COLLISION,,,001,37.0,850.0,SIMPLE,0,1991,ARABI,1
2020-01-01,8PM,,,INTERNAL,COLLISION,COLLISION WITH ONE OR MORE VEHICLES,,001,32.0,848.0,SIMPLE,0,1973,ASIA,1
2020-01-01,8PM,,,,COLLISION,COLLISION WITH FIXED OBJECT,,005,90.0,-1.0,SIMPLE,0,1995,ARABI,1
2020-01-01,8PM,,,,COLLISION,,,001,7.0,119.0,SIMPLE,0,1981,ARABI,1
2020-01-01,8PM,,,,COLLISION,,,015,82.0,161.0,SIMPLE,0,1975,ARABI,1
2020-01-01,8PM,,,INTERNAL,COLLISION,,,009,52.0,745.0,SIMPLE,0,1989,ASIA,2
2020-01-01,8PM,,,,COUP,INVERSION,,001,66.0,100.0,LIGHT INJURY,0,1990,ASIA,1
2020-01-01,8PM,,,,COLLISION,,,001,5.0,214.0,SIMPLE,0,1993,ASIA,1
2020-01-01,8PM,,,,COLLISION,,,028,57.0,37.0,SIMPLE,0,1987,ASIA,1
2020-01-01,8PM,,,,COLLISION,,,001,44.0,980.0,SIMPLE,0,1970,QATAR,1
2020-01-01,8PM,,,INTERNAL,COLLISION,,,029,70.0,-1.0,SIMPLE,0,2000,QATAR,1
2020-01-01,8PM,,,INTERNAL,COLLISION,,,001,34.0,252.0,SIMPLE,0,1972,ARABI,1
2020-01-01,8PM,,,INTERNAL,COLLISION,,,009,39.0,840.0,SIMPLE,0,1999,QATAR,1
2020-01-01,8PM,,,INTERNAL,COLLISION,,,001,14.0,832.0,SIMPLE,0,1981,AFRIC,1
2020-01-01,8PM,,,,COLLISION,COLLISION WITH FIXED OBJECT,,015,82.0,340.0,SIMPLE,0,1978,ARABI,1
2020-01-01,8PM,,,,COLLISION,,,028,57.0,33.0,SIMPLE,0,1988,ASIA,1
2020-01-01,8PM,,,,COLLISION,,,008,70.0,600.0,SIMPLE,0,1984,QATAR,1
2020-01-01,8PM,,,,COLLISION,,,008,71.0,1850.0,SIMPLE,0,1984,ASIA,1
2020-01-01,8PM,,,INTERNAL,COLLISION,COLLISION WITH ONE OR MORE VEHICLES,,009,55.0,1212.0,SIMPLE,0,1964,QATAR,1
2020-01-01,8PM,,,INTERNAL,COLLISION,COLLISION WITH FIXED OBJECT,,001,37.0,150.0,SIMPLE,0,1978,ASIA,1
2020-01-01,8PM,,,INTERNAL,COLLISION,,,009,56.0,340.0,SIMPLE,0,1981,ARABI,1
2020-01-01,8PM,,,,COLLISION,,,020,79.0,707.0,SIMPLE,0,1986,QATAR,1
2020-01-01,8PM,,,,COLLISION,,,001,14.0,339.0,SIMPLE,0,2001,QATAR,1
2020-01-01,8PM,,,,COLLISION,,,009,52.0,281.0,SIMPLE,0,1999,ARABI,1
2020-01-01,8PM,,,INTERNAL,COLLISION,,,009,52.0,350.0,SIMPLE,0,1997,ASIA,1
2020-01-01,8PM,,,,COLLISION,,,001,30.0,-1.0,LIGHT INJURY,0,1998,ARABI,1
